Posicaox,Posicaoy,Posicaoz,SetPointx,SetPointy,SetPointz,Largura de Pulso x,Largura de Pulso y,Largura de Pulso z,Tempo
0.0,0.0,0.0,0.0,0.0,45.0,1090,1090,1135,1539538801.822468
0.0,0.0,0.0,0.0,0.0,45.0,1090,1090,1135,1539538801.872195
0.0,0.0,0.0,0.0,0.0,45.0,1090,1090,1135,1539538801.920751
0.24196271488110355,0.0,0.048870881598509344,0.0,0.0,45.0,1089,1090,1134,1539538801.958141
0.4013587141249794,-0.15423312110559143,0.20431851051018896,0.0,0.0,45.0,1089,1090,1134,1539538801.996741
0.5980184670455028,-0.2664364814883852,0.3776841289445937,0.0,0.0,45.0,1089,1090,1134,1539538802.035273
0.8998748743991201,-0.4527062399126998,0.6189278643791365,0.0,0.0,45.0,1089,1090,1134,1539538802.073902
0.8998748743991201,-0.4527062399126998,1.0750716453604252,0.0,0.0,45.0,1089,1090,1133,1539538802.111825
0.8998748743991201,-0.4527062399126998,1.5399894785576589,0.0,0.0,45.0,1089,1090,1133,1539538802.149862
0.5230776181678612,-0.4527062399126998,2.1676439094636146,0.0,0.0,45.0,1089,1090,1132,1539538802.188478
0.3641909355074904,-0.4527062399126998,2.6381361965105525,0.0,0.0,45.0,1089,1090,1132,1539538802.226851
-0.031952271429234014,-0.5746354318162045,3.200291169406053,0.0,0.0,45.0,1090,1090,1131,1539538802.265557
-0.031952271429234014,-0.7521344872772264,3.8612373161870917,0.0,0.0,45.0,1090,1090,1131,1539538802.303972
-0.031952271429234014,-0.8925994734839335,4.580090528924247,0.0,0.0,45.0,1090,1090,1130,1539538802.342283
-0.031952271429234014,-1.095771683705244,5.369305726572429,0.0,0.0,45.0,1090,1091,1129,1539538802.380573
0.2822839134960743,-1.201763360924131,6.111646326052858,0.0,0.0,45.0,1089,1091,1128,1539538802.419543
0.2822839134960743,-1.201763360924131,6.811617037949775,0.0,0.0,45.0,1089,1091,1128,1539538802.457779
0.5033667639513468,-1.3368246635329681,7.34395968777838,0.0,0.0,45.0,1089,1091,1127,1539538802.496093
0.748136170551,-1.515684692051078,7.861234657033002,0.0,0.0,45.0,1089,1091,1127,1539538802.534838
0.748136170551,-1.807960579534817,8.620339513515935,0.0,0.0,45.0,1089,1091,1126,1539538802.57336
1.1957213787782932,-2.026223412825972,9.416710016063607,0.0,0.0,45.0,1088,1092,1125,1539538802.611663
1.540919485334778,-2.026223412825972,10.32728424677654,0.0,0.0,45.0,1088,1092,1124,1539538802.650055
1.540919485334778,-2.026223412825972,11.391199001269008,0.0,0.0,45.0,1088,1092,1123,1539538802.688578
1.8070940252678458,-2.026223412825972,12.472619523414494,0.0,0.0,45.0,1088,1092,1122,1539538802.726908
2.0007931121824556,-1.8929320098705582,13.509233691827761,0.0,0.0,45.0,1087,1091,1121,1539538802.765178
1.7581598476526288,-1.8929320098705582,14.668373335237055,0.0,0.0,45.0,1088,1091,1120,1539538802.803545
1.5537588954185817,-1.8929320098705582,15.73698294885318,0.0,0.0,45.0,1088,1091,1119,1539538802.842051
1.5537588954185817,-1.8929320098705582,16.704908021299527,0.0,0.0,45.0,1088,1091,1118,1539538802.880079
1.2359711827535649,-2.062189180634439,17.67257694789061,0.0,0.0,45.0,1088,1092,1117,1539538802.918619
0.9879920911334356,-2.450390514122153,18.683433673246192,0.0,0.0,45.0,1089,1092,1116,1539538802.957199
0.8555069610923406,-2.922874822668166,19.830381904961904,0.0,0.0,45.0,1089,1092,1115,1539538802.995425
1.1480042054771467,-3.3617409893088532,20.95986057573026,0.0,0.0,45.0,1088,1093,1114,1539538803.034102
1.5114256830771438,-3.7350484540210704,22.126188669377537,0.0,0.0,45.0,1088,1093,1112,1539538803.072475
1.5114256830771438,-3.923329733558159,23.42647972194127,0.0,0.0,45.0,1088,1093,1111,1539538803.11078
1.5114256830771438,-4.14594186404841,24.885562034996173,0.0,0.0,45.0,1088,1094,1110,1539538803.149024
1.6939145380999177,-4.264278239286374,26.420458710075035,0.0,0.0,45.0,1088,1094,1108,1539538803.187637
2.040161225072695,-4.264278239286374,27.860698808538015,0.0,0.0,45.0,1087,1094,1107,1539538803.225948
2.526951267307785,-4.121766847713266,29.161481506106792,0.0,0.0,45.0,1087,1094,1105,1539538803.264242
2.6794101811358817,-3.79446801787931,30.441461988131962,0.0,0.0,45.0,1087,1093,1104,1539538803.302518
2.5331872241563547,-3.633239937224755,31.778440407733154,0.0,0.0,45.0,1087,1093,1103,1539538803.341345
2.360437131720887,-3.5239485991597927,33.05315014094308,0.0,0.0,45.0,1087,1093,1101,1539538803.379798
2.1435344128837523,-3.5239485991597927,34.276438976458294,0.0,0.0,45.0,1087,1093,1100,1539538803.418479
2.1435344128837523,-3.5239485991597927,35.44390491114349,0.0,0.0,45.0,1087,1093,1099,1539538803.456564
2.1435344128837523,-3.669364988950559,36.529960256294046,0.0,0.0,45.0,1087,1093,1098,1539538803.495001
2.1435344128837523,-3.8553836573805738,37.497336779792086,0.0,0.0,45.0,1087,1093,1097,1539538803.53379
1.9896741178631074,-4.155696341808217,38.40360056465285,0.0,0.0,45.0,1088,1094,1096,1539538803.572287
1.8099246310486554,-4.576271737660407,39.49365787856989,0.0,0.0,45.0,1088,1094,1095,1539538803.610653
1.6046725542044125,-5.0180170255234335,40.82251129097408,0.0,0.0,45.0,1088,1095,1094,1539538803.649013
1.718361982217573,-5.385750985232198,42.254225247538514,0.0,0.0,45.0,1088,1095,1092,1539538803.687559
2.109864236232114,-5.684024432994853,43.620450071041084,0.0,0.0,45.0,1087,1095,1091,1539538803.725955
2.58971467244414,-5.907689507889758,45.06013811487344,0.0,0.0,45.0,1090,1095,1000,1539538803.764161
3.0975571396825945,-6.013296448943899,46.38647394446697,0.0,0.0,45.0,1090,1096,1000,1539538803.802347
3.248065371929857,-6.013296448943899,47.80041986235178,0.0,0.0,45.0,1090,1096,1000,1539538803.840475
3.248065371929857,-6.013296448943899,49.24477371263509,0.0,0.0,45.0,1090,1096,1000,1539538803.878555
3.5394164167670716,-5.8466938852029635,50.65418831968393,0.0,0.0,45.0,1090,1095,1000,1539538803.916843
3.6867125183520666,-5.651326240368627,51.882071726536175,0.0,0.0,45.0,1090,1095,1000,1539538803.955386
3.5766004168072536,-5.513003832617997,52.92599514622811,0.0,0.0,45.0,1090,1095,1000,1539538803.993562
3.2535249094871466,-5.513003832617997,53.99904174587822,0.0,0.0,45.0,1090,1095,1000,1539538804.031901
3.1389356167445834,-5.513003832617997,54.838448738491685,0.0,0.0,45.0,1090,1095,1000,1539538804.070209
2.9877246722981994,-5.767397224233546,55.634377688704404,0.0,0.0,45.0,1090,1095,1000,1539538804.108816
2.651990758238698,-6.177840768446598,56.54939926987289,0.0,0.0,45.0,1090,1096,1000,1539538804.146967
2.84968620657237,-6.661581934972142,57.498379630486575,0.0,0.0,45.0,1090,1096,1000,1539538804.185307
2.84968620657237,-7.02626613909532,58.58362543089299,0.0,0.0,45.0,1090,1097,1000,1539538804.223707
3.182007478727152,-7.358353349063126,59.618385007288374,0.0,0.0,45.0,1090,1097,1000,1539538804.261966
3.6402702727669967,-7.358353349063126,60.52143967059454,0.0,0.0,45.0,1090,1097,1000,1539538804.300048
3.862796197045982,-7.358353349063126,61.35133466984187,0.0,0.0,45.0,1090,1097,1000,1539538804.338586
4.221341284084966,-7.358353349063126,61.87385173189774,0.0,0.0,45.0,1090,1097,1000,1539538804.376728
4.221341284084966,-7.492576457569453,62.38545498419343,0.0,0.0,45.0,1090,1097,1000,1539538804.415012
4.375060470728381,-7.492576457569453,62.82857765681757,0.0,0.0,45.0,1090,1097,1000,1539538804.45324
4.375060470728381,-7.640096819509583,63.4385161001042,0.0,0.0,45.0,1090,1097,1000,1539538804.491382
4.375060470728381,-7.5282472069281585,63.994916024707784,0.0,0.0,45.0,1090,1097,1000,1539538804.529833
4.375060470728381,-7.5282472069281585,64.382782903111,0.0,0.0,45.0,1090,1097,1000,1539538804.567629
4.085983355977521,-7.5282472069281585,64.74078418284645,0.0,0.0,45.0,1090,1097,1000,1539538804.605824
4.085983355977521,-7.678446849668128,65.1270260722815,0.0,0.0,45.0,1090,1097,1000,1539538804.644081
4.085983355977521,-7.9793036789098055,65.57428919153017,0.0,0.0,45.0,1090,1097,1000,1539538804.682216
3.8340098552586492,-8.191892000530402,65.9646909855551,0.0,0.0,45.0,1090,1098,1000,1539538804.720784
3.8340098552586492,-8.572848589464602,66.18786211366476,0.0,0.0,45.0,1090,1098,1000,1539538804.758997
3.497169642538774,-8.85097465061586,66.42550848041829,0.0,0.0,45.0,1090,1098,1000,1539538804.803322
3.497169642538774,-9.150973287364403,66.42550848041829,0.0,0.0,45.0,1090,1099,1000,1539538804.841491
3.807302413649868,-9.543190137246638,66.49479523520132,0.0,0.0,45.0,1090,1099,1000,1539538804.879736
3.807302413649868,-9.887437209685705,66.68409197479711,0.0,0.0,45.0,1090,1099,1000,1539538804.918072
3.807302413649868,-9.887437209685705,66.80386980617457,0.0,0.0,45.0,1090,1099,1000,1539538804.956183
4.036702039736813,-10.02043094479746,66.80386980617457,0.0,0.0,45.0,1090,1100,1000,1539538804.994756
4.609525450599299,-10.18128792169198,66.80386980617457,0.0,0.0,45.0,1090,1100,1000,1539538805.032894
4.97006964609182,-10.18128792169198,66.84790947527712,0.0,0.0,45.0,1090,1100,1000,1539538805.071084
5.222327287707545,-10.18128792169198,66.6682158150006,0.0,0.0,45.0,1090,1100,1000,1539538805.109582
5.015908144729258,-10.34602693049437,66.5775342073719,0.0,0.0,45.0,1090,1100,1000,1539538805.14781
4.809682621609499,-10.46520503496985,66.47504277705293,0.0,0.0,45.0,1090,1100,1000,1539538805.186235
4.3732565400255545,-10.46520503496985,66.347905568367,0.0,0.0,45.0,1090,1100,1000,1539538805.224993
4.2236378916590045,-10.57130588104394,66.13304727742816,0.0,0.0,45.0,1090,1100,1000,1539538805.263387
4.2236378916590045,-10.881947764661865,65.92714354911463,0.0,0.0,45.0,1090,1100,1000,1539538805.301554
4.2236378916590045,-11.081089350099004,65.67743516939828,0.0,0.0,45.0,1090,1101,1000,1539538805.340186
4.522145217482024,-11.362210176763103,65.20445294154982,0.0,0.0,45.0,1090,1101,1000,1539538805.378524
4.749036585122166,-11.754990581015889,64.83147541919806,0.0,0.0,45.0,1090,1101,1000,1539538805.416888
5.235430408811169,-11.961952356447002,64.36073170745492,0.0,0.0,45.0,1090,1101,1000,1539538805.455564
5.706859845618478,-12.297955324399572,63.66567797384013,0.0,0.0,45.0,1090,1102,1000,1539538805.493996
6.023169748723083,-12.675184614361038,63.13071476687948,0.0,0.0,45.0,1090,1102,1000,1539538805.532576
6.25483411835237,-12.810060522748655,62.56346143435117,0.0,0.0,45.0,1090,1102,1000,1539538805.570669
6.624070400985856,-12.810060522748655,61.94925343094532,0.0,0.0,45.0,1090,1102,1000,1539538805.609044
6.974378217514103,-12.810060522748655,61.403505035439665,0.0,0.0,45.0,1090,1102,1000,1539538805.647285
6.974378217514103,-12.810060522748655,60.742520367882584,0.0,0.0,45.0,1090,1102,1000,1539538805.685315
6.682531244471899,-12.810060522748655,60.12318744144037,0.0,0.0,45.0,1090,1102,1000,1539538805.723605
6.256741034178102,-12.810060522748655,59.410603214500426,0.0,0.0,45.0,1090,1102,1000,1539538805.76179
5.709030493554582,-12.810060522748655,58.69698492171172,0.0,0.0,45.0,1090,1102,1000,1539538805.800117
5.348696101049733,-12.810060522748655,58.04264725030681,0.0,0.0,45.0,1090,1102,1000,1539538805.838973
5.348696101049733,-12.810060522748655,57.01872533726226,0.0,0.0,45.0,1090,1102,1000,1539538805.877342
5.582137265745514,-13.164689175302051,55.935310000239845,0.0,0.0,45.0,1090,1103,1000,1539538805.915564
5.898875732369265,-13.458072070614616,54.81005028890862,0.0,0.0,45.0,1090,1103,1000,1539538805.953911
6.173572189606263,-13.906013511861527,53.741865960659894,0.0,0.0,45.0,1090,1103,1000,1539538805.992485
6.577896278170546,-14.277886995381051,52.48665916532713,0.0,0.0,45.0,1090,1104,1000,1539538806.030841
6.9842260203080775,-14.659787110439057,51.06751749510887,0.0,0.0,45.0,1090,1104,1000,1539538806.069219
7.276713437745294,-15.09113143448254,49.918153787496614,0.0,0.0,45.0,1090,1105,1000,1539538806.10751
7.882040704906504,-15.37072935213703,48.518969384987386,0.0,0.0,45.0,1090,1105,1000,1539538806.146037
8.480024532227269,-15.64035265613274,47.33863395812538,0.0,0.0,45.0,1090,1105,1000,1539538806.184312
8.909353554633471,-15.64035265613274,46.077085098601685,0.0,0.0,45.0,1090,1105,1000,1539538806.222655
8.909353554633471,-15.64035265613274,45.0297742975659,0.0,0.0,45.0,1090,1105,1000,1539538806.260875
8.37090693201207,-15.357014940215194,43.89515955311751,0.0,0.0,45.0,1081,1105,1091,1539538806.299257
7.957114222061323,-15.357014940215194,42.74760099957572,0.0,0.0,45.0,1082,1105,1092,1539538806.33804
7.519293316832385,-15.182819394889446,41.32094989172933,0.0,0.0,45.0,1082,1105,1093,1539538806.376653
7.344433408928623,-15.182819394889446,39.805619954722225,0.0,0.0,45.0,1082,1105,1095,1539538806.415287
7.466167515795864,-15.182819394889446,38.210220110066295,0.0,0.0,45.0,1082,1105,1096,1539538806.453856
7.705903930730669,-15.297347153057435,36.86002288999282,0.0,0.0,45.0,1082,1105,1098,1539538806.492545
7.594201579376799,-15.297347153057435,35.616770896549625,0.0,0.0,45.0,1082,1105,1099,1539538806.530864
7.277263812848418,-15.442450403166598,34.54473838383658,0.0,0.0,45.0,1082,1105,1100,1539538806.569463
6.709405908444833,-15.557591591108501,33.432823507760524,0.0,0.0,45.0,1083,1105,1101,1539538806.6079
6.131670277964435,-15.834236753289197,32.342409698924556,0.0,0.0,45.0,1083,1105,1102,1539538806.646562
6.131670277964435,-16.139979512867775,31.121227478215246,0.0,0.0,45.0,1083,1106,1103,1539538806.684751
6.273382343158809,-16.494326618937755,29.816014354378662,0.0,0.0,45.0,1083,1106,1105,1539538806.723497
6.796776559980015,-16.660869257731843,28.525900258537835,0.0,0.0,45.0,1083,1106,1106,1539538806.761753
7.232627675683634,-16.660869257731843,27.283752563910333,0.0,0.0,45.0,1082,1106,1107,1539538806.800046
7.427343086536048,-16.50372532541569,26.226885387930203,0.0,0.0,45.0,1082,1106,1108,1539538806.838882
7.313701629690936,-16.21738626337127,25.257062909043345,0.0,0.0,45.0,1082,1106,1109,1539538806.877647
6.851104506716041,-15.907023597168708,24.50439079985648,0.0,0.0,45.0,1083,1105,1110,1539538806.915882
6.312916829456823,-15.57801822128502,23.64581029506136,0.0,0.0,45.0,1083,1105,1111,1539538806.954308
5.774525639067887,-15.383718036357703,22.89228457057232,0.0,0.0,45.0,1084,1105,1112,1539538806.992969
5.120731573178093,-15.15449445147403,22.110529654485507,0.0,0.0,45.0,1084,1105,1112,1539538807.031363
4.466953939641836,-15.15449445147403,21.427204497220096,0.0,0.0,45.0,1085,1105,1113,1539538807.069616
3.96001926823368,-15.15449445147403,20.538660376905547,0.0,0.0,45.0,1086,1105,1114,1539538807.108233
3.4525707734339863,-15.15449445147403,19.702410896931813,0.0,0.0,45.0,1086,1105,1115,1539538807.14633
3.1988323573228437,-15.356457322228101,18.88113239877236,0.0,0.0,45.0,1086,1105,1116,1539538807.185077
3.1988323573228437,-15.356457322228101,17.77782935237485,0.0,0.0,45.0,1086,1105,1117,1539538807.223235
3.1988323573228437,-15.661471782453013,17.068784683590636,0.0,0.0,45.0,1086,1105,1117,1539538807.261463
3.1988323573228437,-15.880228746325391,16.30482962858705,0.0,0.0,45.0,1086,1105,1118,1539538807.29975
3.308282066613103,-16.27299073728136,15.52385409259639,0.0,0.0,45.0,1086,1106,1119,1539538807.338499
3.308282066613103,-16.421812042216022,14.77658328090094,0.0,0.0,45.0,1086,1106,1120,1539538807.376851
2.9729552251908644,-16.421812042216022,14.166679667111648,0.0,0.0,45.0,1087,1106,1120,1539538807.415304
2.830241571885809,-16.539538588901642,13.76828956554824,0.0,0.0,45.0,1087,1106,1121,1539538807.453642
2.6582823125995305,-16.403167765953356,13.269973111073972,0.0,0.0,45.0,1087,1106,1121,1539538807.492126
2.5345508027869053,-16.27616527252751,12.808802626389356,0.0,0.0,45.0,1087,1106,1122,1539538807.530679
2.5345508027869053,-15.913225148449914,12.296871182690127,0.0,0.0,45.0,1087,1105,1122,1539538807.568852
2.3998408299852447,-15.554961406731405,11.864617430682282,0.0,0.0,45.0,1087,1105,1123,1539538807.607189
2.531640706266601,-15.403080279165422,11.421237131992644,0.0,0.0,45.0,1087,1105,1123,1539538807.64588
2.911770489167733,-15.173151344507717,10.752463240047021,0.0,0.0,45.0,1087,1105,1124,1539538807.684304
2.911770489167733,-15.173151344507717,10.210235165076396,0.0,0.0,45.0,1087,1105,1124,1539538807.722483
2.911770489167733,-15.173151344507717,9.86804811295976,0.0,0.0,45.0,1087,1105,1125,1539538807.760691
2.911770489167733,-15.058588720700964,9.58477445610277,0.0,0.0,45.0,1087,1105,1125,1539538807.799009
2.911770489167733,-15.058588720700964,9.382259121432101,0.0,0.0,45.0,1087,1105,1125,1539538807.837365
2.7127694563542226,-15.058588720700964,9.28325727541844,0.0,0.0,45.0,1087,1105,1125,1539538807.875619
2.373676307729281,-15.058588720700964,9.164769338802973,0.0,0.0,45.0,1087,1105,1125,1539538807.91419
2.203953625736173,-15.058588720700964,9.061209786110483,0.0,0.0,45.0,1087,1105,1125,1539538807.952346
2.001325045811014,-15.058588720700964,9.061209786110483,0.0,0.0,45.0,1087,1105,1125,1539538807.990606
1.747938602993056,-15.058588720700964,9.115220286170159,0.0,0.0,45.0,1088,1105,1125,1539538808.029193
1.747938602993056,-15.058588720700964,9.115220286170159,0.0,0.0,45.0,1088,1105,1125,1539538808.06693
1.747938602993056,-14.943632025002557,9.214424025429691,0.0,0.0,45.0,1088,1104,1125,1539538808.105103
1.5016524662168047,-14.772550438071269,9.315644259748154,0.0,0.0,45.0,1088,1104,1125,1539538808.143711
1.5016524662168047,-14.553310496908196,9.386616746377749,0.0,0.0,45.0,1088,1104,1125,1539538808.181802
1.3572353300595281,-14.274786929550343,9.589590623332079,0.0,0.0,45.0,1088,1104,1125,1539538808.220347
1.3572353300595281,-13.90024011271237,9.72043465261271,0.0,0.0,45.0,1088,1103,1125,1539538808.258681
1.3572353300595281,-13.763526340561127,9.890386070147617,0.0,0.0,45.0,1088,1103,1125,1539538808.296888
1.6897719270102627,-13.763526340561127,10.158809942840946,0.0,0.0,45.0,1088,1103,1124,1539538808.335169
1.9010972463037654,-13.763526340561127,10.497776583121741,0.0,0.0,45.0,1088,1103,1124,1539538808.373439
1.9010972463037654,-13.763526340561127,10.746306829549336,0.0,0.0,45.0,1088,1103,1124,1539538808.411616
1.9010972463037654,-13.933320425186771,11.124895795690236,0.0,0.0,45.0,1088,1103,1123,1539538808.449838
1.9010972463037654,-13.933320425186771,11.520315813967374,0.0,0.0,45.0,1088,1103,1123,1539538808.487916
2.044014707211262,-13.933320425186771,11.956468234833162,0.0,0.0,45.0,1087,1103,1123,1539538808.526172
2.446202961756809,-13.933320425186771,12.187833572219706,0.0,0.0,45.0,1087,1103,1122,1539538808.56465
2.7514438565278763,-13.933320425186771,12.592673264140068,0.0,0.0,45.0,1087,1103,1122,1539538808.602682
3.002574952220152,-13.933320425186771,13.161630518500864,0.0,0.0,45.0,1086,1103,1121,1539538808.640907
3.002574952220152,-13.710114581458209,13.766345924829329,0.0,0.0,45.0,1086,1103,1121,1539538808.679233
3.3477036420942605,-13.592749370200142,14.332972666130766,0.0,0.0,45.0,1086,1103,1120,1539538808.717493
3.6366698336582433,-13.592749370200142,14.967586620763708,0.0,0.0,45.0,1086,1103,1120,1539538808.755579
3.6366698336582433,-13.470108561640743,15.76287085652011,0.0,0.0,45.0,1086,1103,1119,1539538808.793869
3.8464722590755405,-13.153414675000787,16.54065098620664,0.0,0.0,45.0,1086,1103,1118,1539538808.832532
4.114375853008137,-12.906973472015135,17.096309309454956,0.0,0.0,45.0,1085,1102,1117,1539538808.870585
4.114375853008137,-12.906973472015135,17.742634156097637,0.0,0.0,45.0,1085,1102,1117,1539538808.908821
4.114375853008137,-12.906973472015135,18.471663501645146,0.0,0.0,45.0,1085,1102,1116,1539538808.94709
4.419378557266148,-12.906973472015135,19.26262108273683,0.0,0.0,45.0,1085,1102,1115,1539538808.985743
4.600918015584729,-12.906973472015135,20.010745887391206,0.0,0.0,45.0,1085,1102,1114,1539538809.024297
4.825002978758045,-12.906973472015135,20.720877229551462,0.0,0.0,45.0,1085,1102,1114,1539538809.062621
4.9467625782608176,-13.131612595439758,21.532651700665866,0.0,0.0,45.0,1085,1103,1113,1539538809.101143
5.215067349825999,-13.357813895030588,22.42452562283389,0.0,0.0,45.0,1084,1103,1112,1539538809.139636
5.50558398975637,-13.543609099645874,23.370858894326744,0.0,0.0,45.0,1084,1103,1111,1539538809.178156
5.941504764228045,-13.543609099645874,24.222704416201744,0.0,0.0,45.0,1084,1103,1110,1539538809.216184
6.354179510755604,-13.543609099645874,25.090699228549262,0.0,0.0,45.0,1083,1103,1109,1539538809.255231
6.841265134178732,-13.543609099645874,25.867717116973964,0.0,0.0,45.0,1083,1103,1109,1539538809.293255
7.460522004536065,-13.543609099645874,26.76536848935738,0.0,0.0,45.0,1082,1103,1108,1539538809.331416
7.981479186906702,-13.38795205547195,27.781145910711043,0.0,0.0,45.0,1082,1103,1107,1539538809.369628
8.609179068627304,-13.151840693683617,28.76359924329697,0.0,0.0,45.0,1081,1103,1106,1539538809.408316
8.798173393333766,-13.016020083240843,29.73448259848765,0.0,0.0,45.0,1081,1103,1105,1539538809.446645
9.058016509930084,-13.016020083240843,30.585113499525665,0.0,0.0,45.0,1080,1103,1104,1539538809.484993
9.058016509930084,-13.131313330726304,31.573910877916532,0.0,0.0,45.0,1080,1103,1103,1539538809.523291
9.058016509930084,-13.34337193709953,32.63521539416731,0.0,0.0,45.0,1080,1103,1102,1539538809.561585
9.058016509930084,-13.535399296397836,33.72194182422364,0.0,0.0,45.0,1080,1103,1101,1539538809.599886
9.20244555548904,-13.708117254839982,34.78326870973988,0.0,0.0,45.0,1080,1103,1100,1539538809.638702
9.38071382113915,-13.88381739160283,35.76681652110314,0.0,0.0,45.0,1080,1103,1099,1539538809.677316
9.62685595107617,-14.0723615425202,36.67075297799475,0.0,0.0,45.0,1080,1104,1098,1539538809.715563
9.769170907160564,-14.312690204461658,37.57357409391298,0.0,0.0,45.0,1080,1104,1097,1539538809.753812
10.159004500741176,-14.59722352366188,38.65748433800802,0.0,0.0,45.0,1079,1104,1096,1539538809.792348
10.413749371225247,-14.913829704618085,39.79201533691084,0.0,0.0,45.0,1079,1104,1095,1539538809.835654
11.069967464709297,-15.201396022238848,40.97040504796538,0.0,0.0,45.0,1078,1105,1094,1539538809.873968
11.579345809396576,-15.201396022238848,42.18220701762234,0.0,0.0,45.0,1078,1105,1092,1539538809.912439
12.160052727809772,-15.201396022238848,43.44162555799266,0.0,0.0,45.0,1077,1105,1091,1539538809.950701
12.69272945285994,-14.943989798110753,44.50361547655769,0.0,0.0,45.0,1077,1104,1090,1539538809.990408
12.961344737948883,-14.566715746757943,45.55972022101541,0.0,0.0,45.0,1090,1104,1000,1539538810.029223
13.223052111886863,-14.311436575058764,46.507069884737646,0.0,0.0,45.0,1090,1104,1000,1539538810.067403
13.345772478480884,-14.201758081758062,47.34623317685187,0.0,0.0,45.0,1090,1104,1000,1539538810.105518
13.345772478480884,-14.201758081758062,48.33039956891515,0.0,0.0,45.0,1090,1104,1000,1539538810.143764
13.345772478480884,-14.330409684744271,49.36011974080291,0.0,0.0,45.0,1090,1104,1000,1539538810.18189
13.345772478480884,-14.490509213325918,50.35454377741542,0.0,0.0,45.0,1090,1104,1000,1539538810.219972
13.568953944212897,-14.780585991339597,51.27332811809491,0.0,0.0,45.0,1090,1104,1000,1539538810.258367
13.721739930121798,-15.046020821020967,51.94261196273729,0.0,0.0,45.0,1090,1105,1000,1539538810.297016
13.881057298536298,-15.40044425484223,52.61859821348798,0.0,0.0,45.0,1090,1105,1000,1539538810.335064
14.160652318728296,-15.686436886539946,53.403302589030964,0.0,0.0,45.0,1090,1105,1000,1539538810.373009
14.544156737827844,-15.686436886539946,54.03392593930015,0.0,0.0,45.0,1090,1105,1000,1539538810.410886
15.008463382943647,-15.87738640175511,54.5671499592937,0.0,0.0,45.0,1090,1105,1000,1539538810.44918
15.39396589115922,-16.214324014160116,55.19737955052895,0.0,0.0,45.0,1090,1106,1000,1539538810.487306
15.595648221810036,-16.365468461521797,55.920434563292375,0.0,0.0,45.0,1090,1106,1000,1539538810.525452
15.718787521015914,-16.365468461521797,56.56422233077704,0.0,0.0,45.0,1090,1106,1000,1539538810.563591
16.071716459431823,-16.365468461521797,56.957403713725625,0.0,0.0,45.0,1090,1106,1000,1539538810.601672
16.34008701382584,-16.512099667294695,57.35949190923125,0.0,0.0,45.0,1090,1106,1000,1539538810.640073
16.69067647214963,-16.512099667294695,57.814805829388014,0.0,0.0,45.0,1090,1106,1000,1539538810.678337
16.69067647214963,-16.512099667294695,58.14889359972155,0.0,0.0,45.0,1090,1106,1000,1539538810.716374
16.832032104210104,-16.649617593119874,58.31571458105033,0.0,0.0,45.0,1090,1106,1000,1539538810.754578
16.832032104210104,-16.882439953926433,58.64176815762495,0.0,0.0,45.0,1090,1106,1000,1539538810.7927
17.28148421227454,-17.124419822072475,58.86245591621827,0.0,0.0,45.0,1090,1107,1000,1539538810.831038
17.4843974917491,-17.58245706818279,58.98825404072895,0.0,0.0,45.0,1090,1107,1000,1539538810.869223
17.655390983115158,-18.04286929540859,59.129218722488126,0.0,0.0,45.0,1090,1108,1000,1539538810.907491
17.8650239199896,-18.576142808875325,59.269501565956574,0.0,0.0,45.0,1090,1108,1000,1539538810.94604
17.8650239199896,-19.058154244677223,59.366717176458415,0.0,0.0,45.0,1090,1109,1000,1539538810.984022
18.21352610908854,-19.543807039291167,59.366717176458415,0.0,0.0,45.0,1090,1109,1000,1539538811.02205
18.570531787373017,-19.925660246771443,59.33600146491728,0.0,0.0,45.0,1090,1109,1000,1539538811.060254
18.723153249716326,-20.263025106180876,59.27953169742632,0.0,0.0,45.0,1090,1110,1000,1539538811.098766
19.322998850158065,-20.526001580969957,59.150321330072416,0.0,0.0,45.0,1090,1110,1000,1539538811.137029
19.759597931703986,-20.702157687513754,59.0606060130881,0.0,0.0,45.0,1090,1110,1000,1539538811.175278
19.893276927143955,-20.929752806242398,58.884392537768896,0.0,0.0,45.0,1090,1110,1000,1539538811.213587
20.034814907094454,-20.929752806242398,58.731097395808675,0.0,0.0,45.0,1090,1110,1000,1539538811.251847
20.31303702366037,-20.929752806242398,58.41372475529469,0.0,0.0,45.0,1090,1110,1000,1539538811.289918
20.824084274553087,-21.116797851398914,57.97746924742586,0.0,0.0,45.0,1090,1111,1000,1539538811.32855
20.824084274553087,-21.37172567998057,57.61017324113399,0.0,0.0,45.0,1090,1111,1000,1539538811.366652
20.824084274553087,-21.70697103992372,57.09115599384303,0.0,0.0,45.0,1090,1111,1000,1539538811.404864
20.388594162339004,-22.138120134933242,56.80498445919304,0.0,0.0,45.0,1090,1112,1000,1539538811.443518
19.84689603692811,-22.35262512786966,56.48877943989475,0.0,0.0,45.0,1090,1112,1000,1539538811.481697
19.431672548295975,-22.70075914142055,56.1037709937423,0.0,0.0,45.0,1090,1112,1000,1539538811.520187
19.431672548295975,-23.063155052108446,55.616933988458065,0.0,0.0,45.0,1090,1113,1000,1539538811.558358
19.800767788861208,-23.412693478085437,54.80197472184104,0.0,0.0,45.0,1090,1113,1000,1539538811.596613
20.339455537628375,-23.773419778124936,54.1572263286117,0.0,0.0,45.0,1090,1113,1000,1539538811.635169
20.973856574939486,-23.998930504173668,53.29810140257246,0.0,0.0,45.0,1090,1113,1000,1539538811.673153
21.717474742123695,-24.294651268489236,52.50389095429873,0.0,0.0,45.0,1090,1114,1000,1539538811.711347
22.23444758457418,-24.405063300846283,51.67501448099394,0.0,0.0,45.0,1090,1114,1000,1539538811.749952
22.376661689533027,-24.547006676431494,51.0784676766935,0.0,0.0,45.0,1090,1114,1000,1539538811.788054
22.252527942105036,-24.547006676431494,50.4105043974118,0.0,0.0,45.0,1090,1114,1000,1539538811.826096
21.819547245369275,-24.668157521880968,49.70466559282442,0.0,0.0,45.0,1090,1114,1000,1539538811.864467
21.526776157810854,-24.854755208440128,48.95307115690536,0.0,0.0,45.0,1090,1114,1000,1539538811.902898
21.526776157810854,-25.219933001177562,47.8408169778803,0.0,0.0,45.0,1090,1115,1000,1539538811.941143
21.763162904665208,-25.682602036239064,46.78283012920854,0.0,0.0,45.0,1090,1115,1000,1539538811.979582
21.97704340260814,-25.94641892962743,45.552831124083106,0.0,0.0,45.0,1090,1115,1000,1539538812.017907
21.72923941730915,-26.21275730273297,44.635362053247356,0.0,0.0,45.0,1068,1116,1090,1539538812.056513
21.267983232967484,-26.462347781915817,43.52880195641208,0.0,0.0,45.0,1068,1116,1091,1539538812.094794
21.031264773347424,-26.871621457305903,42.40906046303336,0.0,0.0,45.0,1068,1116,1092,1539538812.134545
21.031264773347424,-27.309213367463073,41.003282945184985,0.0,0.0,45.0,1068,1117,1093,1539538812.172845
21.268544753313638,-27.853336363638494,39.701323795920416,0.0,0.0,45.0,1068,1117,1095,1539538812.211588
21.69228323351441,-28.24646908627226,38.32194796383976,0.0,0.0,45.0,1068,1118,1096,1539538812.250097
21.83173272528847,-28.65763615906378,37.30435647084767,0.0,0.0,45.0,1068,1118,1097,1539538812.288594
21.64208245232309,-28.93320881591007,36.26648165214856,0.0,0.0,45.0,1068,1118,1098,1539538812.326994
21.41586785350931,-29.29516910181202,35.34172105358699,0.0,0.0,45.0,1068,1119,1099,1539538812.365725
21.203474162072446,-29.479089462082342,34.20880517068299,0.0,0.0,45.0,1068,1119,1100,1539538812.40426
21.203474162072446,-29.699159077809956,33.04735400161993,0.0,0.0,45.0,1068,1119,1101,1539538812.442842
21.53248796282973,-29.699159077809956,31.75965847917155,0.0,0.0,45.0,1068,1119,1103,1539538812.480902
21.70448004761766,-29.699159077809956,30.859657061298048,0.0,0.0,45.0,1068,1119,1104,1539538812.519386
21.389145041969368,-29.699159077809956,30.056598508001592,0.0,0.0,45.0,1068,1119,1104,1539538812.558006
20.935053989888154,-29.82035357721955,29.50295631889562,0.0,0.0,45.0,1069,1119,1105,1539538812.596356
20.111567770820734,-29.82035357721955,28.74689611797063,0.0,0.0,45.0,1069,1119,1106,1539538812.635181
19.45132089916823,-30.151518270382237,27.970556163008943,0.0,0.0,45.0,1070,1120,1107,1539538812.673603
18.965411777453347,-30.43772162137191,27.062689033038442,0.0,0.0,45.0,1071,1120,1107,1539538812.712215
18.800506611634713,-30.929887306419623,26.050584103073785,0.0,0.0,45.0,1071,1120,1108,1539538812.750676
19.086478579473965,-31.40062717128791,24.90936828682943,0.0,0.0,45.0,1070,1121,1110,1539538812.789281
19.356827852483047,-31.80508786322726,23.806625928670464,0.0,0.0,45.0,1070,1121,1111,1539538812.827627
19.769286787787827,-32.165181451282045,22.93372852730083,0.0,0.0,45.0,1070,1122,1112,1539538812.866005
20.20997583334744,-32.42630120538403,21.936221760551422,0.0,0.0,45.0,1069,1122,1113,1539538812.904669
20.20997583334744,-32.611148368284475,21.410453150240574,0.0,0.0,45.0,1069,1122,1113,1539538812.942936
19.919727234990592,-32.611148368284475,20.81428319006867,0.0,0.0,45.0,1070,1122,1114,1539538812.981524
19.641840430080375,-32.611148368284475,20.486400449089217,0.0,0.0,45.0,1070,1122,1114,1539538813.01978
18.879411087224067,-32.39700410112565,20.12066346049885,0.0,0.0,45.0,1071,1122,1114,1539538813.058124
18.208973829652884,-32.39700410112565,19.74974370919277,0.0,0.0,45.0,1071,1122,1115,1539538813.096521
17.716193054469915,-32.17283226354636,19.292129947407833,0.0,0.0,45.0,1072,1122,1115,1539538813.135329
17.074390793399413,-31.92866432172023,18.94157418800635,0.0,0.0,45.0,1072,1121,1116,1539538813.17359
16.447867980571758,-31.700159957558164,18.685670856024686,0.0,0.0,45.0,1073,1121,1116,1539538813.21231
16.048041451844924,-31.484884797683716,18.138279955600694,0.0,0.0,45.0,1073,1121,1116,1539538813.251225
15.777930771639868,-31.484884797683716,17.60644217285384,0.0,0.0,45.0,1074,1121,1117,1539538813.289372
15.548996647693501,-31.484884797683716,17.142531733939848,0.0,0.0,45.0,1074,1121,1117,1539538813.327913
15.358664095043084,-31.484884797683716,16.78758656869925,0.0,0.0,45.0,1074,1121,1118,1539538813.366227
15.358664095043084,-31.68690244136686,16.482200895833472,0.0,0.0,45.0,1074,1121,1118,1539538813.404917
15.630178458479786,-31.963248393603752,15.814366437757304,0.0,0.0,45.0,1074,1121,1119,1539538813.443803
15.904133534187249,-32.4313290009425,15.372142644541313,0.0,0.0,45.0,1074,1122,1119,1539538813.48208
15.904133534187249,-32.64260681014099,15.118583430887153,0.0,0.0,45.0,1074,1122,1119,1539538813.520381
15.432674953144195,-32.79204577656266,15.197131073086053,0.0,0.0,45.0,1074,1122,1119,1539538813.558971
14.883649378210293,-32.79204577656266,15.419835674978069,0.0,0.0,45.0,1075,1122,1119,1539538813.597169
14.382299462622473,-32.59559725557532,15.419835674978069,0.0,0.0,45.0,1075,1122,1119,1539538813.635533
14.382299462622473,-32.426943419207106,15.338529937925784,0.0,0.0,45.0,1075,1122,1119,1539538813.673732
14.835245376916188,-32.110474754662306,15.274209846263629,0.0,0.0,45.0,1075,1122,1119,1539538813.712089
15.201102541845048,-31.82320476336974,15.140305683232132,0.0,0.0,45.0,1074,1121,1119,1539538813.75075
15.333066153891618,-31.6982561476463,15.179424423546255,0.0,0.0,45.0,1074,1121,1119,1539538813.788937
15.057866024604344,-31.517679236617003,15.269316340689915,0.0,0.0,45.0,1074,1121,1119,1539538813.827431
14.897293103285177,-31.517679236617003,15.19757485043682,0.0,0.0,45.0,1075,1121,1119,1539538813.865735
14.897293103285177,-31.517679236617003,15.149312760099487,0.0,0.0,45.0,1075,1121,1119,1539538813.903967
14.897293103285177,-31.517679236617003,15.149312760099487,0.0,0.0,45.0,1075,1121,1119,1539538813.942137
14.668464490252953,-31.517679236617003,15.149312760099487,0.0,0.0,45.0,1075,1121,1119,1539538813.98029
14.531215995666798,-31.517679236617003,15.327737625726046,0.0,0.0,45.0,1075,1121,1119,1539538814.01879
14.531215995666798,-31.517679236617003,15.524302560096976,0.0,0.0,45.0,1075,1121,1119,1539538814.056946
14.401008616722496,-31.67605430316793,15.698624129468591,0.0,0.0,45.0,1075,1121,1119,1539538814.095426
14.551911702935032,-31.67605430316793,15.993568315029147,0.0,0.0,45.0,1075,1121,1119,1539538814.133899
14.751402921206225,-31.67605430316793,16.209867146188618,0.0,0.0,45.0,1075,1121,1118,1539538814.171642
14.751402921206225,-31.67605430316793,16.503893977010833,0.0,0.0,45.0,1075,1121,1118,1539538814.209711
14.751402921206225,-31.5692398535623,16.90493082466227,0.0,0.0,45.0,1075,1121,1118,1539538814.24848
14.988550356981666,-31.340175878120856,17.305995842527516,0.0,0.0,45.0,1075,1121,1117,1539538814.287021
15.142186599920521,-31.114429937661626,17.576905683888388,0.0,0.0,45.0,1074,1121,1117,1539538814.325472
15.402998100650404,-30.99437634173512,18.02304954174355,0.0,0.0,45.0,1074,1120,1116,1539538814.363691
15.402998100650404,-30.7911599175859,18.59528506018465,0.0,0.0,45.0,1074,1120,1116,1539538814.401945
15.166174497409292,-30.54684035355613,19.021523937267144,0.0,0.0,45.0,1074,1120,1115,1539538814.440365
14.823916348208938,-30.40957514534842,19.541296946113548,0.0,0.0,45.0,1075,1120,1115,1539538814.478982
14.646197586510072,-30.212547270717835,20.166617572945547,0.0,0.0,45.0,1075,1120,1114,1539538814.517294
14.434321984630884,-30.01788599957998,20.823771489543358,0.0,0.0,45.0,1075,1120,1114,1539538814.555619
14.434321984630884,-30.01788599957998,21.336826034646997,0.0,0.0,45.0,1075,1120,1113,1539538814.593839
14.434321984630884,-30.131917184962155,22.069165132729626,0.0,0.0,45.0,1075,1120,1112,1539538814.632473
14.642789005430675,-30.283419707905896,22.800867241910826,0.0,0.0,45.0,1075,1120,1112,1539538814.670813
14.493648553442455,-30.283419707905896,23.6129280480669,0.0,0.0,45.0,1075,1120,1111,1539538814.709029
14.493648553442455,-30.283419707905896,24.26897717703591,0.0,0.0,45.0,1075,1120,1110,1539538814.747252
14.493648553442455,-30.283419707905896,25.05921907263772,0.0,0.0,45.0,1075,1120,1109,1539538814.785309
14.908029233745506,-30.283419707905896,25.877516492036037,0.0,0.0,45.0,1075,1120,1109,1539538814.823511
15.283127674952524,-30.126840123891295,26.75392603063771,0.0,0.0,45.0,1074,1120,1108,1539538814.866723
15.283127674952524,-29.89763830572205,27.687973801169687,0.0,0.0,45.0,1074,1119,1107,1539538814.904778
15.283127674952524,-29.51170479914169,28.392608811231483,0.0,0.0,45.0,1074,1119,1106,1539538814.943073
15.283127674952524,-29.196009571039117,29.258139610550312,0.0,0.0,45.0,1074,1119,1105,1539538814.981253
15.523516743336272,-28.834785387472195,30.149481672215988,0.0,0.0,45.0,1074,1118,1104,1539538815.019619
15.523516743336272,-28.59925802998956,31.065355727773955,0.0,0.0,45.0,1074,1118,1103,1539538815.057966
15.315233795452613,-28.46563594661678,31.95250398410803,0.0,0.0,45.0,1074,1118,1103,1539538815.09658
15.315233795452613,-28.46563594661678,32.8491072360763,0.0,0.0,45.0,1074,1118,1102,1539538815.134554
15.315233795452613,-28.46563594661678,33.91144134733687,0.0,0.0,45.0,1074,1118,1101,1539538815.172461
15.315233795452613,-28.46563594661678,34.81695764424844,0.0,0.0,45.0,1074,1118,1100,1539538815.210156
15.074401366664866,-28.46563594661678,35.77200104222763,0.0,0.0,45.0,1074,1118,1099,1539538815.248869
15.074401366664866,-28.649170003884247,36.82796923689262,0.0,0.0,45.0,1074,1118,1098,1539538815.287067
15.20131647458976,-28.649170003884247,37.87687937211849,0.0,0.0,45.0,1074,1118,1097,1539538815.325326
15.083596929057572,-28.649170003884247,38.95844681510849,0.0,0.0,45.0,1074,1118,1096,1539538815.363516
15.218227038287138,-28.649170003884247,39.88500513965539,0.0,0.0,45.0,1074,1118,1095,1539538815.40169
15.512700041898853,-28.649170003884247,40.82610663773494,0.0,0.0,45.0,1074,1118,1094,1539538815.440001
15.835864764369349,-28.435221660267306,41.836998947487984,0.0,0.0,45.0,1074,1118,1093,1539538815.478273
16.14663631854597,-28.086355158265732,42.72153983773644,0.0,0.0,45.0,1073,1118,1092,1539538815.516887
16.491850982844234,-27.72879363659135,43.496228240727454,0.0,0.0,45.0,1073,1117,1091,1539538815.555448
16.65341424446119,-27.541197731234842,44.42274946429782,0.0,0.0,45.0,1073,1117,1090,1539538815.593679
16.65341424446119,-27.33232415936681,45.442591384879584,0.0,0.0,45.0,1090,1117,1000,1539538815.63189
16.774966716632743,-27.112873609150675,46.49293637881733,0.0,0.0,45.0,1090,1117,1000,1539538815.670104
16.774966716632743,-27.000988578893875,47.44476306671073,0.0,0.0,45.0,1090,1117,1000,1539538815.708265
16.774966716632743,-27.000988578893875,48.38358741718473,0.0,0.0,45.0,1090,1117,1000,1539538815.746468
16.554560001714,-27.000988578893875,49.40830731760054,0.0,0.0,45.0,1090,1117,1000,1539538815.784739
16.73299076910744,-26.864691678268134,50.37988388250354,0.0,0.0,45.0,1090,1116,1000,1539538815.822975
16.918347233085886,-26.864691678268134,51.153611741264825,0.0,0.0,45.0,1090,1116,1000,1539538815.861158
17.220971355306578,-27.061901075704604,51.97552976378511,0.0,0.0,45.0,1090,1117,1000,1539538815.899374
17.220971355306578,-27.181906351670197,52.87984420643902,0.0,0.0,45.0,1090,1117,1000,1539538815.937622
17.439705075323406,-27.181906351670197,53.555884831958764,0.0,0.0,45.0,1090,1117,1000,1539538815.975521
17.636774599843083,-27.181906351670197,54.15620817739913,0.0,0.0,45.0,1090,1117,1000,1539538816.013506
18.070406754699174,-27.181906351670197,54.831419511235566,0.0,0.0,45.0,1090,1117,1000,1539538816.0517
18.410170643236217,-27.03239207002921,55.489334833151,0.0,0.0,45.0,1090,1117,1000,1539538816.089862
18.96200074287636,-26.924837880336604,55.90126593764364,0.0,0.0,45.0,1090,1116,1000,1539538816.128076
19.64410817224349,-26.797524914406562,56.350346165144394,0.0,0.0,45.0,1090,1116,1000,1539538816.166204
20.037750104266973,-26.523572182370124,56.842097840356146,0.0,0.0,45.0,1090,1116,1000,1539538816.204502
20.510164333391668,-26.273300484315076,57.11105546387961,0.0,0.0,45.0,1090,1116,1000,1539538816.242801
21.03588868938858,-26.167766925225045,57.52796750144807,0.0,0.0,45.0,1090,1116,1000,1539538816.280911
21.157521537855526,-25.987675668282378,57.95697864548771,0.0,0.0,45.0,1090,1115,1000,1539538816.31914
21.374769708132064,-25.987675668282378,58.22792575040165,0.0,0.0,45.0,1090,1115,1000,1539538816.357464
21.783554836807934,-25.987675668282378,58.429104700315044,0.0,0.0,45.0,1090,1115,1000,1539538816.395414
22.062134396751418,-25.881885917875923,58.49315331162609,0.0,0.0,45.0,1090,1115,1000,1539538816.433653
22.062134396751418,-25.881885917875923,58.66049932768972,0.0,0.0,45.0,1090,1115,1000,1539538816.471667
21.831892452339773,-25.881885917875923,58.890992601199805,0.0,0.0,45.0,1090,1115,1000,1539538816.509715
21.831892452339773,-25.881885917875923,58.98330123368824,0.0,0.0,45.0,1090,1115,1000,1539538816.54825
22.179635598072615,-26.05564353198058,59.06619371169018,0.0,0.0,45.0,1090,1116,1000,1539538816.586281
22.879213263630287,-26.05564353198058,58.88868375332883,0.0,0.0,45.0,1090,1116,1000,1539538816.624295
23.67205194520378,-26.270955169991122,58.718887856371076,0.0,0.0,45.0,1090,1116,1000,1539538816.662539
24.216816813467407,-26.270955169991122,58.64508081056827,0.0,0.0,45.0,1090,1116,1000,1539538816.700625
24.525948340640653,-26.400770258767718,58.55569301942135,0.0,0.0,45.0,1090,1116,1000,1539538816.738994
24.78133559762119,-26.50592658213442,58.507794613729345,0.0,0.0,45.0,1090,1116,1000,1539538816.777318
24.78133559762119,-26.50592658213442,58.368715090010504,0.0,0.0,45.0,1090,1116,1000,1539538816.815351
24.78133559762119,-26.50592658213442,58.368715090010504,0.0,0.0,45.0,1090,1116,1000,1539538816.853418
24.60618568525687,-26.363185432267898,58.299567463808394,0.0,0.0,45.0,1090,1116,1000,1539538816.891727
24.28494220271761,-26.363185432267898,58.16978722828367,0.0,0.0,45.0,1090,1116,1000,1539538816.929906
24.082376819834863,-26.363185432267898,57.844005550059656,0.0,0.0,45.0,1090,1116,1000,1539538816.968217
23.795080734752453,-26.518691774010712,57.43332113018687,0.0,0.0,45.0,1090,1116,1000,1539538817.006594
23.795080734752453,-26.716966575907453,56.894334023652,0.0,0.0,45.0,1090,1116,1000,1539538817.045018
24.18952069833056,-27.036923819850397,56.185065284536556,0.0,0.0,45.0,1090,1117,1000,1539538817.083309
24.62583226747279,-27.483853291690135,55.589540270056716,0.0,0.0,45.0,1090,1117,1000,1539538817.121653
25.327670308713532,-27.802868864731032,54.7988105154732,0.0,0.0,45.0,1090,1117,1000,1539538817.160245
25.76536903758231,-28.18983419799311,54.312437033200766,0.0,0.0,45.0,1090,1118,1000,1539538817.198466
25.998107491430712,-28.357780325886708,53.831388812582944,0.0,0.0,45.0,1090,1118,1000,1539538817.236829
25.998107491430712,-28.607234430758094,53.576007921416505,0.0,0.0,45.0,1090,1118,1000,1539538817.274956
26.50530965638531,-28.828208039968946,52.76410122485237,0.0,0.0,45.0,1090,1118,1000,1539538817.313192
26.905432000870245,-28.98495273157612,51.99503367770616,0.0,0.0,45.0,1090,1118,1000,1539538817.351751
27.11936330979322,-28.98495273157612,51.2631393609901,0.0,0.0,45.0,1090,1118,1000,1539538817.389912
27.48084080020029,-28.98495273157612,50.675982501613255,0.0,0.0,45.0,1090,1118,1000,1539538817.428153
27.97811223681666,-28.98495273157612,49.718334284168506,0.0,0.0,45.0,1090,1118,1000,1539538817.466337
28.289176424978713,-28.873873953273026,48.85944350370451,0.0,0.0,45.0,1090,1118,1000,1539538817.50492
28.416646667694767,-28.873873953273026,47.9354891446619,0.0,0.0,45.0,1090,1118,1000,1539538817.542935
28.67525089843328,-28.873873953273026,46.8537946714851,0.0,0.0,45.0,1090,1118,1000,1539538817.581024
28.804462400949273,-29.075570761210642,45.89638670589576,0.0,0.0,45.0,1090,1119,1000,1539538817.619511
28.804462400949273,-29.283817575487387,44.80676072557267,0.0,0.0,45.0,1061,1119,1090,1539538817.658185
28.932836505753574,-29.66568872367743,43.66799890389712,0.0,0.0,45.0,1061,1119,1091,1539538817.6963
28.932836505753574,-29.957130195927206,42.45703878341142,0.0,0.0,45.0,1061,1119,1092,1539538817.734673
28.932836505753574,-30.34409282106433,41.32594369466735,0.0,0.0,45.0,1061,1120,1093,1539538817.773024
29.092885164630783,-30.775023257268476,40.2062946295561,0.0,0.0,45.0,1060,1120,1094,1539538817.811437
29.35241271846095,-31.208819685855396,39.206976156776605,0.0,0.0,45.0,1060,1121,1095,1539538817.850296
29.70857409549017,-31.63816029861728,38.17279971550953,0.0,0.0,45.0,1060,1121,1096,1539538817.888892
30.083216443018497,-31.953054948587557,37.07437863766364,0.0,0.0,45.0,1059,1121,1097,1539538817.927622
30.336453032393983,-32.19726690883954,36.10649019824823,0.0,0.0,45.0,1059,1122,1098,1539538817.966121
30.689633248093582,-32.358165103937274,35.10058607084419,0.0,0.0,45.0,1059,1122,1099,1539538818.004781
31.047008009697926,-32.53799327693717,34.189479251697996,0.0,0.0,45.0,1058,1122,1100,1539538818.043218
31.047008009697926,-32.53799327693717,33.212426711525445,0.0,0.0,45.0,1058,1122,1101,1539538818.081503
31.047008009697926,-32.64962054989783,32.29767999222728,0.0,0.0,45.0,1058,1122,1102,1539538818.119823
31.047008009697926,-32.64962054989783,31.241589321081804,0.0,0.0,45.0,1058,1122,1103,1539538818.158328
30.930876730766244,-32.64962054989783,30.385374730433703,0.0,0.0,45.0,1059,1122,1104,1539538818.196366
31.072598489111744,-32.64962054989783,29.479066106576948,0.0,0.0,45.0,1058,1122,1105,1539538818.234664
31.072598489111744,-32.64962054989783,28.5840967826577,0.0,0.0,45.0,1058,1122,1106,1539538818.272899
31.072598489111744,-32.84080411716025,27.84769092558955,0.0,0.0,45.0,1058,1122,1107,1539538818.311132
31.072598489111744,-33.1473642882137,26.997132081441944,0.0,0.0,45.0,1058,1123,1108,1539538818.349845
31.072598489111744,-33.55356593987297,26.156434100717927,0.0,0.0,45.0,1058,1123,1108,1539538818.388348
30.852153619139692,-33.93055362951555,25.381439671622523,0.0,0.0,45.0,1059,1123,1109,1539538818.42674
30.652279892027657,-34.42794750739352,24.796063816619302,0.0,0.0,45.0,1059,1124,1110,1539538818.465662
30.652279892027657,-34.87990394588379,24.12535681340115,0.0,0.0,45.0,1059,1124,1110,1539538818.504319
30.834544158351417,-35.36137018884477,23.302601073212674,0.0,0.0,45.0,1059,1125,1111,1539538818.542576
31.08879634496898,-35.694752176302366,22.527319490691596,0.0,0.0,45.0,1058,1125,1112,1539538818.581087
31.244142946564413,-36.05264496105512,21.97613071577556,0.0,0.0,45.0,1058,1126,1113,1539538818.619689
31.244142946564413,-36.224544100965254,21.428376089237506,0.0,0.0,45.0,1058,1126,1113,1539538818.658393
31.244142946564413,-36.402182870839525,20.898418793293864,0.0,0.0,45.0,1058,1126,1114,1539538818.696853
31.244142946564413,-36.402182870839525,20.2173825218559,0.0,0.0,45.0,1058,1126,1114,1539538818.735333
31.524904860539955,-36.518430341494394,19.44952689108988,0.0,0.0,45.0,1058,1126,1115,1539538818.773723
31.749671567080487,-36.518430341494394,18.71436786735293,0.0,0.0,45.0,1058,1126,1116,1539538818.811925
31.91683475173469,-36.518430341494394,18.23150557414584,0.0,0.0,45.0,1058,1126,1116,1539538818.850682
31.91683475173469,-36.518430341494394,17.811831491332004,0.0,0.0,45.0,1058,1126,1117,1539538818.889041
31.54618278011544,-36.518430341494394,17.588444683330913,0.0,0.0,45.0,1058,1126,1117,1539538818.927321
31.13610676408886,-36.75081754770427,17.55615321649054,0.0,0.0,45.0,1058,1126,1117,1539538818.966037
30.55197064549333,-36.89538658398954,17.471861211351133,0.0,0.0,45.0,1059,1126,1117,1539538819.004586
29.81304022888304,-37.18604326928895,17.504750577188737,0.0,0.0,45.0,1060,1127,1117,1539538819.04316
29.375064393247676,-37.45286572446693,17.268621324387233,0.0,0.0,45.0,1060,1127,1117,1539538819.081552
29.109722124130535,-37.98548485742435,17.096454588972858,0.0,0.0,45.0,1060,1127,1117,1539538819.120207
28.906997115133805,-38.45995554237956,16.76113392678133,0.0,0.0,45.0,1061,1128,1118,1539538819.158831
28.667001701524725,-38.97786071174633,16.55823781211297,0.0,0.0,45.0,1061,1128,1118,1539538819.197223
28.667001701524725,-39.37327539042524,16.216378116907162,0.0,0.0,45.0,1061,1129,1118,1539538819.23582
28.386804442003935,-39.67788420368344,16.080917524941086,0.0,0.0,45.0,1061,1129,1118,1539538819.274266
27.94777147273042,-39.980426827228186,16.129087213826935,0.0,0.0,45.0,1062,1129,1118,1539538819.312582
27.571233010840903,-39.980426827228186,16.017829199485995,0.0,0.0,45.0,1062,1129,1118,1539538819.351267
27.242450567165225,-39.980426827228186,16.051359350943855,0.0,0.0,45.0,1062,1129,1118,1539538819.389559
26.724521466797675,-39.78488790182817,16.099381016217347,0.0,0.0,45.0,1063,1129,1118,1539538819.42792
26.044831605816423,-39.661943625484504,16.315327160650053,0.0,0.0,45.0,1063,1129,1118,1539538819.466661
25.50639665684601,-39.50410028023764,16.563238923476963,0.0,0.0,45.0,1064,1129,1118,1539538819.505142
25.264512617802072,-39.39761247561742,16.601964027264795,0.0,0.0,45.0,1064,1129,1118,1539538819.543652
25.387901651904556,-39.543052446438445,16.682200135973325,0.0,0.0,45.0,1064,1129,1118,1539538819.581875
25.67495300641461,-39.66056526540043,16.816428226328675,0.0,0.0,45.0,1064,1129,1118,1539538819.620284
25.67495300641461,-39.99128241270537,16.97944144545152,0.0,0.0,45.0,1064,1129,1118,1539538819.659168
25.378468930120853,-40.46044039746166,17.403169270953597,0.0,0.0,45.0,1064,1130,1117,1539538819.697593
24.876152574057645,-40.78306815836037,17.681991017625755,0.0,0.0,45.0,1065,1130,1117,1539538819.736101
24.876152574057645,-41.17700923033764,17.91350064985288,0.0,0.0,45.0,1065,1131,1117,1539538819.774374
24.876152574057645,-41.41751004774843,18.20342550532396,0.0,0.0,45.0,1065,1131,1116,1539538819.812637
25.022655858402423,-41.54530390504124,18.50836464889703,0.0,0.0,45.0,1064,1131,1116,1539538819.851282
25.022655858402423,-41.759526138026814,18.786530888889107,0.0,0.0,45.0,1064,1131,1116,1539538819.894436
25.022655858402423,-41.93876500032428,19.19773774147878,0.0,0.0,45.0,1064,1131,1115,1539538819.932554
25.022655858402423,-41.93876500032428,19.525958175861202,0.0,0.0,45.0,1064,1131,1115,1539538819.970798
25.022655858402423,-41.93876500032428,19.699288492292585,0.0,0.0,45.0,1064,1131,1115,1539538820.008991
25.022655858402423,-41.93876500032428,20.088881704033305,0.0,0.0,45.0,1064,1131,1114,1539538820.047281
24.882723411518253,-41.83229430324625,20.52490001041842,0.0,0.0,45.0,1065,1131,1114,1539538820.085988
24.882723411518253,-41.83229430324625,20.816973236766756,0.0,0.0,45.0,1065,1131,1114,1539538820.124304
24.882723411518253,-41.94246558520519,21.33025783620468,0.0,0.0,45.0,1065,1131,1113,1539538820.162812
24.5967508241556,-41.94246558520519,21.893832034342513,0.0,0.0,45.0,1065,1131,1113,1539538820.20086
24.5967508241556,-42.07281398431366,22.320958915937574,0.0,0.0,45.0,1065,1132,1112,1539538820.239139
24.44595845522238,-42.42327742229549,22.997678657535676,0.0,0.0,45.0,1065,1132,1112,1539538820.277547
24.44595845522238,-42.678650016946406,23.694563972632825,0.0,0.0,45.0,1065,1132,1111,1539538820.315704
24.616685814998235,-42.994001505316966,24.272539496965173,0.0,0.0,45.0,1065,1132,1110,1539538820.354538
24.735442295426836,-43.392633144238964,25.000893823249434,0.0,0.0,45.0,1065,1133,1109,1539538820.392922
24.950873089414184,-43.59964787062242,25.862140328156983,0.0,0.0,45.0,1065,1133,1109,1539538820.43119
24.950873089414184,-43.871111338838865,26.70980459125635,0.0,0.0,45.0,1065,1133,1108,1539538820.469819
24.762053370621015,-44.059033394543604,27.623702553942604,0.0,0.0,45.0,1065,1134,1107,1539538820.50818
24.614157990775443,-44.059033394543604,28.577772514700108,0.0,0.0,45.0,1065,1134,1106,1539538820.546887
24.7393024669569,-43.81335154459533,29.453893937819025,0.0,0.0,45.0,1065,1133,1105,1539538820.585446
24.889935999637572,-43.679450944390254,30.153471890895773,0.0,0.0,45.0,1065,1133,1104,1539538820.624192
25.120279705796413,-43.679450944390254,30.90869491270348,0.0,0.0,45.0,1064,1133,1104,1539538820.662608
25.120279705796413,-43.565574923642174,31.716920708701018,0.0,0.0,45.0,1064,1133,1103,1539538820.701203
24.90072473875257,-43.565574923642174,32.479916218667114,0.0,0.0,45.0,1065,1133,1102,1539538820.739412
24.52954727119704,-43.565574923642174,33.415528109373355,0.0,0.0,45.0,1065,1133,1101,1539538820.777624
23.96819604732196,-43.565574923642174,34.47516011286604,0.0,0.0,45.0,1066,1133,1100,1539538820.81587
23.56377928297531,-43.44583352056469,35.443617329858604,0.0,0.0,45.0,1066,1133,1099,1539538820.854725
23.56377928297531,-43.44583352056469,36.230195423208045,0.0,0.0,45.0,1066,1133,1098,1539538820.892938
23.703253398174102,-43.74182777988685,37.135532828416046,0.0,0.0,45.0,1066,1133,1097,1539538820.931151
