Posicaox,Posicaoy,Posicaoz,kPosicaox,kPosicaoy,kPosicaoz,SetPointx,SetPointy,SetPointz,Largura de Pulso x,Largura de Pulso y,Largura de Pulso z,Gyrox,Gyroy,Gyroz,Tempo
-742.2149408307373,-103.04511545727223,91.41170323876383,-7.34866278050235,-1.0202486678937845,0.9050663687006321,0.0,0.0,0.0,1112,1106,1104,-14.633587786259541,-1.0763358778625953,1.8549618320610688,1540432581.78558
-742.1487960209922,-102.79502758867068,92.04860822493045,-30.40971373861214,-4.214359905451553,3.7655256530230763,0.0,0.0,0.0,1120,1109,1101,-0.8396946564885496,2.8473282442748094,5.534351145038168,1540432581.869796
-741.3065390527414,-102.80810303747104,92.61043538340972,-117.69204645315783,-16.31745111690094,14.663282904444038,0.0,0.0,0.0,1120,1120,1090,8.366412213740459,0.6106870229007634,6.732824427480916,1540432581.946256
-741.7485833362742,-103.24962058691509,92.97660155303234,-340.70652587857523,-47.35078515552665,42.613275770463055,0.0,0.0,0.0,1120,1120,1062,-7.221374045801527,-5.061068702290076,5.0534351145038165,1540432582.021494
-742.9462832784557,-103.87973202972205,92.52986677284593,-627.9527457590058,-87.56498268087081,78.3741791896877,0.0,0.0,0.0,1120,1120,1026,-17.3206106870229,-7.6183206106870225,-5.717557251908397,1540432582.096452
-744.0043205943542,-103.4925333453919,92.05754330358482,-822.2822738285595,-114.54117220429504,102.18510384177199,0.0,0.0,0.0,1120,1120,1090,-15.641221374045802,5.977099236641221,-6.137404580152672,1540432582.161997
-743.8616664733422,-103.72693583760494,92.7536610744654,-900.8563056410959,-125.55696585696296,112.10302980977319,0.0,0.0,0.0,1120,1120,1090,0.7404580152671756,-2.7404580152671754,10.625954198473282,1540432582.228859
-742.5900658169027,-102.92363113396712,93.40862568062444,-903.8361712028152,-125.64335303866883,113.05536745658648,0.0,0.0,0.0,1120,1120,1090,17.61832061068702,12.770992366412214,10.01526717557252,1540432582.295103
-742.8266306650019,-102.98185319413211,93.96952685010982,-866.680448921197,-120.27635035805042,109.10630108332747,0.0,0.0,0.0,1120,1120,1090,-5.015267175572519,-0.1297709923664122,8.816793893129772,1540432582.362532
-743.1969928535285,-103.16523377851398,93.63759316395904,-814.4384294635026,-112.97841951159653,102.75145537920952,0.0,0.0,0.0,1120,1120,1090,-6.938931297709924,-1.984732824427481,-4.748091603053435,1540432582.428696
-744.4034390460836,-103.63403141557549,93.0351612508962,-765.4634276818427,-106.35213101764194,96.21593635590006,0.0,0.0,0.0,1120,1120,1090,-19.206106870229007,-6.1603053435114505,-8.67175572519084,1540432582.495029
-745.1613525053654,-103.82833452241704,93.03648718571252,-729.1340630231936,-101.48303694925106,91.31206130761339,0.0,0.0,0.0,1120,1120,1090,-12.969465648854962,-2.2061068702290076,0.24427480916030533,1540432582.562069
-743.8291844346882,-103.02010115019579,93.34982154180858,-706.9317993010447,-98.12491576986594,88.59691896199706,0.0,0.0,0.0,1120,1120,1016,18.427480916030536,12.786259541984732,4.885496183206107,1540432582.637721
-743.2055377194334,-102.62873590711523,93.9126203095399,-698.1796025012577,-96.5530170280333,87.94039548137636,0.0,0.0,0.0,1120,1120,1017,6.870229007633588,5.9465648854961835,7.679389312977099,1540432582.712755
-743.822869003979,-103.09375542302092,93.42153714517691,-700.2121173405162,-96.86883673431021,88.10896801438312,0.0,0.0,0.0,1120,1120,1016,-9.618320610687023,-5.435114503816794,-6.320610687022901,1540432582.788025
-743.8508943679361,-103.08504318660805,94.25542014195653,-708.4066003044221,-98.04829204888601,89.57334839181789,0.0,0.0,0.0,1120,1120,1015,-1.7633587786259541,0.8778625954198473,11.297709923664122,1540432582.863683
-744.504720008422,-102.72215107495242,95.02646288661327,-719.5200675604231,-99.35903432458441,91.63315358016604,0.0,0.0,0.0,1120,1120,1090,-10.030534351145038,5.557251908396947,10.412213740458014,1540432582.928848
-743.8553731724243,-102.5274060702412,93.86681820760505,-729.8808585576807,-100.61129262820099,92.62436249834033,0.0,0.0,0.0,1120,1120,1090,8.488549618320612,3.7251908396946565,-17.419847328244273,1540432582.995555
-744.479896003253,-102.17142473066575,94.27889675790915,-738.8245931390815,-101.49608780718576,93.70261878462695,0.0,0.0,0.0,1120,1120,1090,-10.526717557251908,5.969465648854962,6.251908396946565,1540432583.065125
-743.396422657337,-101.16768659159276,95.06570406606743,-744.4250147028803,-101.57020679698661,94.91230316868119,0.0,0.0,0.0,1120,1120,1090,14.488549618320612,15.473282442748092,11.755725190839694,1540432583.131562
-744.7932223868446,-101.36617125286307,94.82156865903627,-748.5087968081561,-101.77293031380748,95.4424823548483,0.0,0.0,0.0,1120,1120,1090,-22.763358778625953,-2.2748091603053435,-3.5114503816793894,1540432583.197581
-743.807303121658,-100.7097444198071,94.47768822382344,-749.6359448479268,-101.4739492432776,95.41542280402703,0.0,0.0,0.0,1120,1120,1090,13.389312977099237,10.603053435114504,-4.931297709923665,1540432583.263609
-744.3280936191481,-100.30260688953274,94.83117124554494,-749.6528207448379,-100.99689532791244,95.46349066631633,0.0,0.0,0.0,1120,1120,1090,-9.282442748091603,6.931297709923665,5.580152671755725,1540432583.329785
-744.055305334412,-100.29263911407524,93.95577233571596,-748.5501619500398,-100.66952788932188,94.82357853917,0.0,0.0,0.0,1120,1120,1090,2.6106870229007635,0.9083969465648855,-12.618320610687023,1540432583.399758
-744.5746512821497,-100.59764582391874,93.67678944030989,-747.4318970668548,-100.6499426637021,94.17118925522432,0.0,0.0,0.0,1120,1120,1090,-9.083969465648854,-3.7557251908396947,-3.9083969465648853,1540432583.465473
-743.6059970782355,-100.75041322141196,93.76035214368706,-745.6290765410135,-100.73419928405912,93.80004039604019,0.0,0.0,0.0,1120,1120,1090,13.267175572519085,-1.549618320610687,1.4885496183206106,1540432583.531123
-744.7671321747446,-101.01146697477225,93.51263040970376,-744.9546449522269,-100.94330359398,93.44611698743306,0.0,0.0,0.0,1120,1120,1090,-19.00763358778626,-3.198473282442748,-3.5343511450381677,1540432583.597974
-743.6682378359412,-100.37998649236519,94.24732430563989,-743.7787203352842,-100.66978444573661,93.73306804282568,0.0,0.0,0.0,1120,1120,1090,15.229007633587786,10.312977099236642,11.335877862595419,1540432583.66453
-744.9645913169433,-101.22103213750287,93.95346937354468,-743.8928194791424,-101.0061196212996,93.78046111666715,0.0,0.0,0.0,1120,1120,1090,-20.732824427480917,-11.786259541984732,-4.1603053435114505,1540432583.730459
-743.7059230990794,-101.19903193958721,94.52278115343424,-743.3001758366697,-101.18833023859615,94.19024004720582,0.0,0.0,0.0,1120,1120,1090,17.893129770992367,1.099236641221374,8.946564885496183,1540432583.79612
-743.9316200908052,-101.32363054452948,93.95330043325534,-743.2037325574615,-101.35028985623511,94.10136080572285,0.0,0.0,0.0,1120,1120,1090,-4.8320610687022905,-1.1374045801526718,-8.458015267175572,1540432583.862175
-743.3985417027309,-101.12013387177215,94.89647183473522,-742.95919016229,-101.29187002577827,94.61868419379799,0.0,0.0,0.0,1120,1120,1090,6.6106870229007635,3.816793893129771,14.381679389312977,1540432583.928958
-743.7565188290462,-101.55554283689263,93.93225476124555,-743.1592845381455,-101.49354420717293,94.32314287833023,0.0,0.0,0.0,1120,1120,1090,-6.793893129770993,-5.809160305343512,-14.32824427480916,1540432583.995302
-742.7577840977223,-101.26810088932908,94.89387143107237,-742.7746554931397,-101.41442644507457,94.70381596432591,0.0,0.0,0.0,1120,1120,1090,13.51908396946565,5.0534351145038165,14.580152671755725,1540432584.061758
-743.4101385605651,-101.37634429056747,94.34038438037254,-743.0225351980985,-101.40835959650401,94.5731956781074,0.0,0.0,0.0,1120,1120,1090,-11.183206106870228,-0.8625954198473282,-8.083969465648854,1540432584.127803
-742.9079546420157,-101.68453098380404,94.64496106759216,-742.9314800560167,-101.58009584548863,94.65119077804532,0.0,0.0,0.0,1120,1120,1090,6.244274809160306,-3.9236641221374047,4.854961832061068,1540432584.194026
-743.9397085896353,-102.38129839197428,93.72963828427343,-743.5465803002263,-102.09996028104055,94.11723768987274,0.0,0.0,0.0,1120,1120,1090,-16.977099236641223,-9.763358778625955,-13.603053435114504,1540432584.260762
-742.4674155472742,-101.86091005970482,94.22375478455228,-743.0258081539228,-102.0687372100027,94.0925187377168,0.0,0.0,0.0,1120,1120,1090,20.641221374045802,8.549618320610687,7.6183206106870225,1540432584.3271
-743.8498595100507,-101.95665249829412,93.49046786771733,-743.5453756096267,-102.06703748286809,93.64944859408722,0.0,0.0,0.0,1120,1120,1090,-22.206106870229007,-0.6793893129770993,-10.816793893129772,1540432584.393166
-742.8583696152185,-102.1743135618479,94.16057012622804,-743.2448976226997,-102.16930771577076,93.82377849252403,0.0,0.0,0.0,1120,1120,1090,13.694656488549619,-2.549618320610687,10.419847328244275,1540432584.45906
-743.5698510321162,-101.92791145761025,94.12257818923032,-743.4756386158767,-102.05610009131054,93.94737263203197,0.0,0.0,0.0,1120,1120,1090,-12.305343511450381,4.541984732824427,-0.35877862595419846,1540432584.524907
-742.8419620988344,-101.61086182918297,94.28722708966842,-743.1544352311037,-101.77482289943,94.14599051711863,0.0,0.0,0.0,1120,1120,1090,9.564885496183207,5.534351145038168,2.7022900763358777,1540432584.591841
-744.0101314282078,-101.78587260456831,94.21076748255044,-743.6627510770228,-101.71167752618584,94.2256982314528,0.0,0.0,0.0,1120,1120,1090,-18.80916030534351,-1.8473282442748091,-0.916030534351145,1540432584.65815
-743.2306610265128,-101.72763349841368,93.65124335018905,-743.4829607187926,-101.6540969693331,93.92256806529117,0.0,0.0,0.0,1120,1120,1090,10.374045801526718,1.6412213740458015,-8.221374045801527,1540432584.724482
-743.5531426645094,-101.52116830740731,94.95651751994957,-743.5475585887758,-101.51203618406772,94.53545179849246,0.0,0.0,0.0,1120,1120,1090,-6.305343511450381,3.9083969465648853,20.114503816793892,1540432584.79021
-743.6640222177737,-101.36548045040293,93.75202161861327,-743.6418579174037,-101.3528939454453,94.16116476326269,0.0,0.0,0.0,1120,1120,1090,-3.0610687022900764,3.1068702290076335,-17.916030534351144,1540432584.856501
-743.6709123130523,-101.01824123095152,94.55237226131128,-743.689311607811,-101.07117624970104,94.40250627225026,0.0,0.0,0.0,1120,1120,1090,-1.4961832061068703,6.0534351145038165,12.419847328244275,1540432584.922425
-742.611727235912,-100.16655178872948,94.74493736306644,-743.0526165565065,-100.41256016387038,94.65835847268734,0.0,0.0,0.0,1120,1120,1090,14.549618320610687,13.580152671755725,3.122137404580153,1540432584.988382
-743.568285348923,-100.50706400623238,94.35068612554338,-743.2559675119638,-100.27672371411575,94.54885664449148,0.0,0.0,0.0,1120,1120,1090,-15.86259541984733,-4.3893129770992365,-5.740458015267175,1540432585.054596
-743.338711565202,-100.97338592421649,94.24203617498041,-743.2642889360446,-100.55425380176096,94.38968574314359,0.0,0.0,0.0,1120,1120,1090,2.114503816793893,-6.358778625954199,-1.4351145038167938,1540432585.1215
-742.9049670691566,-101.2087416736447,93.87498983480187,-743.0166263047144,-100.92307143463137,94.0562232979038,0.0,0.0,0.0,1120,1120,1090,5.00763358778626,-2.7099236641221376,-5.190839694656488,1540432585.187937
-743.9507623430317,-101.63524202611971,93.48128263856998,-743.5249707411127,-101.4286066143825,93.61941007770005,0.0,0.0,0.0,1120,1120,1090,-17.33587786259542,-5.740458015267175,-5.778625954198473,1540432585.254345
-742.2913130737477,-101.74236281883577,93.9562077955934,-742.8255955475179,-101.78367254145205,93.67845152409258,0.0,0.0,0.0,1120,1120,1090,23.778625954198475,-0.8625954198473282,7.427480916030534,1540432585.322015
-743.1745220078117,-102.4071308608054,93.52895910616,-742.9465219832814,-102.35807921938498,93.49686273429826,0.0,0.0,0.0,1120,1120,1090,-14.320610687022901,-8.969465648854962,-6.030534351145038,1540432585.388104
-743.7490353161611,-102.54819115652414,93.62254105981863,-743.4007066088739,-102.72132443333135,93.48234980843563,0.0,0.0,0.0,1120,1120,1090,-10.091603053435115,-1.3740458015267176,1.6412213740458015,1540432585.45392
-742.6685424079394,-101.72419452114404,94.82476539649176,-743.0190715462527,-102.34366248594732,94.24910840133916,0.0,0.0,0.0,1120,1120,1090,15.236641221374045,13.442748091603054,18.72519083969466,1540432585.521716
-743.8779120429624,-102.93413557268002,94.48380605021018,-743.5232525456586,-102.77821533842493,94.51515160635482,0.0,0.0,0.0,1120,1120,1090,-19.0,-16.85496183206107,-4.740458015267175,1540432585.588863
-743.2806498507806,-102.39904632473186,95.42271798156659,-743.4595267957556,-102.65964080660014,95.2190367935468,0.0,0.0,0.0,1120,1120,1090,7.488549618320611,8.717557251908397,14.183206106870228,1540432585.655965
-742.9842369508841,-102.8898838240275,94.39013329968577,-743.2158258024001,-102.83650341572368,94.9530187288139,0.0,0.0,0.0,1120,1120,1090,3.0381679389312977,-6.572519083969466,-15.206106870229007,1540432585.721758
-744.099691627935,-103.16869986240357,93.87647054219839,-743.7420696718634,-103.0796157048694,94.4032381566828,0.0,0.0,0.0,1120,1120,1090,-18.30534351145038,-3.4656488549618323,-7.564885496183206,1540432585.787751
-742.9252403001198,-102.70664004464068,94.3636151845233,-743.3298544603621,-102.90783386370526,94.33496502341038,0.0,0.0,0.0,1120,1120,1090,16.65648854961832,7.862595419847328,7.709923664122138,1540432585.853645
-743.5044302972145,-102.64555436446669,95.26039408851187,-743.415207106783,-102.73653890854469,94.84583809777928,0.0,0.0,0.0,1120,1120,1090,-10.16030534351145,1.6870229007633588,13.801526717557252,1540432585.921518
-743.6844029608932,-102.96326797194035,94.86440825389685,-743.5774069591425,-102.82018989824522,94.9092903994796,0.0,0.0,0.0,1120,1120,1090,-4.015267175572519,-3.8702290076335877,-5.549618320610687,1540432585.988147
-743.2598632252146,-103.21854834762243,94.36569722456322,-743.4091393804471,-103.03176142366739,94.6184148484595,0.0,0.0,0.0,1120,1120,1090,4.99236641221374,-3.0763358778625953,-7.2748091603053435,1540432586.05437
-743.1982798840054,-102.64983674552484,95.40185629964098,-743.2623855725404,-102.80927910711767,95.06533233319999,0.0,0.0,0.0,1120,1120,1090,-0.45038167938931295,9.450381679389313,16.053435114503817,1540432586.120038
-742.2452864769597,-101.71821049875207,95.80069724997122,-742.5939807922115,-102.09925670315818,95.57497915854891,0.0,0.0,0.0,1120,1120,1090,12.938931297709924,14.770992366412214,6.221374045801527,1540432586.186188
-742.4719136776586,-102.3241278129075,95.0544927457662,-742.355327083084,-102.0658240318122,95.3917206401921,0.0,0.0,0.0,1120,1120,1090,-4.862595419847328,-8.51908396946565,-11.206106870229007,1540432586.252161
-743.0549293966393,-102.06589464089873,95.13288442455419,-742.6258912043071,-101.93997158018594,95.2846504781961,0.0,0.0,0.0,1120,1120,1090,-10.114503816793894,4.625954198473282,1.3969465648854962,1540432586.318228
-742.1639810232847,-101.95609869117256,95.24544714693918,-742.2931565219219,-101.8440703590549,95.26528461880957,0.0,0.0,0.0,1120,1120,1090,12.122137404580153,2.427480916030534,1.9312977099236641,1540432586.384758
-742.4086250564519,-102.16517616944057,95.7518617048227,-742.2762947467755,-101.95901186746909,95.55365789348639,0.0,0.0,0.0,1120,1120,1090,-5.114503816793893,-2.4198473282442747,7.931297709923665,1540432586.450507
-742.2968061606905,-101.97435072288928,96.44581615786358,-742.236541903875,-101.94625561776883,96.14322430396712,0.0,0.0,0.0,1120,1120,1090,0.2824427480916031,3.618320610687023,10.610687022900763,1540432586.516911
-742.5145392362246,-102.25012352753751,95.24036686480076,-742.3759211682104,-102.12763567463178,95.72764789784156,0.0,0.0,0.0,1120,1120,1090,-4.687022900763359,-3.4122137404580153,-18.022900763358777,1540432586.583305
-743.1530878519628,-102.16883265508146,94.89579155597389,-742.8712173001329,-102.19604696531978,95.2235346249331,0.0,0.0,0.0,1120,1120,1090,-11.114503816793894,2.0,-5.022900763358779,1540432586.6503
-743.7592679085161,-101.88168979309751,95.35501441048785,-743.5375915574622,-102.05502309818607,95.19874501296496,0.0,0.0,0.0,1120,1120,1090,-10.305343511450381,4.984732824427481,6.977099236641221,1540432586.716903
-742.3811917350654,-101.4446870362007,95.40484570268521,-743.0499940292999,-101.69355290248843,95.23920276081012,0.0,0.0,0.0,1120,1120,1090,19.435114503816795,7.366412213740458,0.9770992366412213,1540432586.782973
-742.7643435140695,-101.29916325097234,95.1447379394637,-742.9327270705578,-101.39152527829138,95.12714821843737,0.0,0.0,0.0,1120,1120,1090,-7.343511450381679,3.0229007633587788,-3.816793893129771,1540432586.851466
-743.4371616451888,-101.27803241614535,95.35393743475498,-743.2519281322471,-101.22253881738497,95.20823160944242,0.0,0.0,0.0,1120,1120,1090,-10.908396946564885,1.0610687022900764,3.183206106870229,1540432586.917739
-742.9588833769607,-100.87874668786775,95.45207785261128,-743.1332710262612,-100.91337013627025,95.33698145843306,0.0,0.0,0.0,1120,1120,1090,5.961832061068702,6.900763358778626,1.7328244274809161,1540432586.983648
-742.6249190607841,-101.1763092179982,95.47754500999196,-742.8328043668085,-100.95319610569524,95.43892821854024,0.0,0.0,0.0,1120,1120,1090,3.6793893129770994,-3.7557251908396947,0.6106870229007634,1540432587.049668
-742.9476697876911,-101.09538524714395,96.84718880042978,-742.8441312451188,-100.97407579662003,96.3391481041846,0.0,0.0,0.0,1120,1120,1090,-6.267175572519084,1.984732824427481,20.916030534351144,1540432587.116148
-742.7699723072559,-100.56361411016209,96.41152616101762,-742.7533615823447,-100.69264250658345,96.58859581957233,0.0,0.0,0.0,1120,1120,1090,1.2595419847328244,8.694656488549619,-6.2748091603053435,1540432587.182587
-741.9967782930103,-100.30449338796338,96.38600397125332,-742.2366062989098,-100.39088132810633,96.65511792841161,0.0,0.0,0.0,1120,1120,1090,10.251908396946565,4.66412213740458,-0.16030534351145037,1540432587.249067
-742.8714183065615,-100.84524183221806,95.86810250595403,-742.4879171113221,-100.57787851465869,96.3087531270982,0.0,0.0,0.0,1120,1120,1090,-14.687022900763358,-7.458015267175573,-7.648854961832061,1540432587.315575
-743.0741473701045,-100.59632003904771,95.45710618596964,-742.8039047425002,-100.57429195586448,95.79810933611047,0.0,0.0,0.0,1120,1120,1090,-4.419847328244275,4.480916030534351,-5.916030534351145,1540432587.38173
-742.6897425200383,-100.80667960745916,94.93591579796113,-742.772514279567,-100.7187502516322,95.16033593133545,0.0,0.0,0.0,1120,1120,1090,4.3816793893129775,-2.3969465648854964,-7.603053435114504,1540432587.448002
-742.9447228437517,-100.5978791370686,95.3637719538402,-742.9056207895525,-100.68499101828166,95.07178621478987,0.0,0.0,0.0,1120,1120,1090,-5.251908396946565,3.9236641221374047,6.702290076335878,1540432587.514229
-742.6479938471284,-100.18801082962074,96.35750042553045,-742.7965315160468,-100.4094492112052,95.69098728361749,0.0,0.0,0.0,1120,1120,1090,3.0916030534351147,6.9541984732824424,15.236641221374045,1540432587.580313
-741.8164229412823,-100.00266125591136,96.39872114537671,-742.2090014313577,-100.13087902924663,96.13413670012875,0.0,0.0,0.0,1120,1120,1090,11.183206106870228,3.564885496183206,0.8473282442748091,1540432587.646423
-741.3893429731911,-100.17913141034583,97.86709066191162,-741.5993629407836,-100.08887571656531,97.30092786990264,0.0,0.0,0.0,1120,1120,1090,5.0534351145038165,-1.900763358778626,22.38167938931298,1540432587.71238
-742.035487429869,-100.0041061511559,98.31246608786635,-741.6732582304904,-99.98296958133861,98.22989064278762,0.0,0.0,0.0,1120,1120,1090,-11.34351145038168,3.4580152671755724,7.083969465648855,1540432587.778176
-740.5531314140198,-99.97083206053097,98.36560589570911,-740.8704849283766,-99.92334901332178,98.70943621957048,0.0,0.0,0.0,1120,1120,1090,21.106870229007633,1.2671755725190839,1.0305343511450382,1540432587.844098
-740.9629252213339,-100.27065644082435,99.04862750918542,-740.7004386125011,-100.09574384180098,99.27355268754182,0.0,0.0,0.0,1120,1120,1090,-7.6183206106870225,-3.7938931297709924,10.603053435114504,1540432587.912887
-741.4710008438559,-100.02401585288365,99.20241683485652,-740.9973619001292,-100.06505391559787,99.56128642590377,0.0,0.0,0.0,1120,1120,1090,-8.84732824427481,4.3816793893129775,2.480916030534351,1540432587.978646
-742.7380941178412,-100.71486725646913,98.42583742020535,-742.0232539760493,-100.47475585811277,99.11495291357721,0.0,0.0,0.0,1120,1120,1090,-20.290076335877863,-9.541984732824428,-11.358778625954198,1540432588.04491
-742.0187032963656,-100.79050072863863,97.59636071553676,-742.2156856245766,-100.76235364005096,98.22682802023057,0.0,0.0,0.0,1120,1120,1090,9.488549618320612,-0.3816793893129771,-12.320610687022901,1540432588.111211
-742.412615949702,-101.76102530941519,96.90979619482933,-742.5281461670387,-101.5007317328014,97.23161262009387,0.0,0.0,0.0,1120,1120,1090,-7.305343511450381,-13.80916030534351,-10.083969465648854,1540432588.177408
-742.9449082240739,-101.26576958228705,96.67360750472308,-742.9852594486283,-101.58756354304704,96.52946901561529,0.0,0.0,0.0,1120,1120,1090,-9.465648854961833,8.274809160305344,-3.3587786259541983,1540432588.243326
-742.3407956096595,-101.12925879399509,95.7980725639052,-742.816737211791,-101.47658547886283,95.67417671752014,0.0,0.0,0.0,1120,1120,1090,7.870229007633588,2.854961832061069,-13.198473282442748,1540432588.309456
-742.0406918178999,-101.93771064409148,95.00249729235,-742.4541390198066,-101.84159301294147,94.81148762104674,0.0,0.0,0.0,1120,1120,1090,3.145038167938931,-11.458015267175572,-11.801526717557252,1540432588.374837
-742.7871639811183,-102.09873166025083,95.49971791144537,-742.6494514052551,-102.11041150939957,94.76866628228915,0.0,0.0,0.0,1120,1120,1090,-12.709923664122137,-1.6793893129770991,7.763358778625954,1540432588.441228
-743.5304920463532,-103.13918402162388,94.92951379192175,-743.2055954324253,-102.85429826074952,94.56821127167777,0.0,0.0,0.0,1120,1120,1090,-12.679389312977099,-15.038167938931299,-8.435114503816793,1540432588.507394
-742.5389989254751,-103.17582172314538,94.85692237057947,-742.9029391113122,-103.25748117072017,94.54177157480765,0.0,0.0,0.0,1120,1120,1090,13.450381679389313,0.21374045801526717,-0.8625954198473282,1540432588.573654
-743.048646145734,-104.12954171157156,94.25392192376817,-742.9945489451277,-103.99493611475091,94.26468542453705,0.0,0.0,0.0,1120,1120,1090,-9.083969465648854,-13.633587786259541,-8.877862595419847,1540432588.639522
-743.3950037158733,-103.55448630926664,94.45934750572216,-743.2467459161262,-103.9853897181628,94.30453877666535,0.0,0.0,0.0,1120,1120,1090,-6.702290076335878,9.580152671755725,3.3740458015267176,1540432588.705767
-744.0000831635482,-103.48642314859754,93.4578215546302,-743.7527408054027,-103.82964346829883,93.77682052911548,0.0,0.0,0.0,1120,1120,1090,-10.427480916030534,1.7786259541984732,-14.732824427480915,1540432588.771849
-743.0805792475359,-103.39712831236895,93.0967499652062,-743.4607225701343,-103.60522455469864,93.28416777750591,0.0,0.0,0.0,1120,1120,1090,12.534351145038167,2.114503816793893,-5.244274809160306,1540432588.837854
-744.1596568213362,-103.91273481280865,92.92069659002034,-743.9063760084499,-103.74692514851526,92.94019455185419,0.0,0.0,0.0,1120,1120,1090,-17.923664122137403,-7.137404580152672,-2.4732824427480917,1540432588.904785
-744.8628383186677,-103.5405575831647,93.33453276572476,-744.5812237956815,-103.58923659747794,93.05697414815174,0.0,0.0,0.0,1120,1120,1090,-11.763358778625955,6.251908396946565,6.32824427480916,1540432588.971145
-745.7076638678924,-103.66154749676242,92.4483752947111,-745.4561343001518,-103.56180084701325,92.64530323137596,0.0,0.0,0.0,1120,1120,1090,-14.122137404580153,-1.0610687022900764,-13.129770992366412,1540432589.037109
-745.0857548454353,-103.50540192497769,92.0590272025541,-745.5155248651956,-103.45803822906633,92.20298922245581,0.0,0.0,0.0,1120,1120,1090,8.16030534351145,3.1603053435114505,-5.755725190839694,1540432589.104334
-745.4731151107655,-104.1236518718019,90.99325927461152,-745.681621932253,-103.79013834569517,91.33785141772172,0.0,0.0,0.0,1120,1120,1090,-7.129770992366412,-8.396946564885496,-15.564885496183207,1540432589.170279
-745.8595694946047,-103.81661506004596,91.21291421021307,-745.9311571896085,-103.81502759841885,91.02699279238423,0.0,0.0,0.0,1120,1120,1090,-7.282442748091603,5.442748091603053,3.572519083969466,1540432589.236138
-746.4126451083685,-103.4805936628226,90.5483978158765,-746.3452803509393,-103.6200056069466,90.53229309684342,0.0,0.0,0.0,1120,1120,1090,-9.786259541984732,5.862595419847328,-9.86259541984733,1540432589.302333
-745.0928797017335,-103.16876478402436,90.59513687274823,-745.7119614845648,-103.31078260936896,90.36165121257358,0.0,0.0,0.0,1120,1120,1090,18.580152671755727,5.480916030534351,0.9312977099236641,1540432589.368265
-745.2985088597708,-103.70324103370699,90.68069264573899,-745.3997654962997,-103.46775194173648,90.40918980445902,0.0,0.0,0.0,1120,1120,1090,-4.5038167938931295,-7.32824427480916,1.5190839694656488,1540432589.434241
-745.4085571179689,-103.66945689102108,91.86876650748052,-745.2770163715247,-103.5654113646408,91.24445191356253,0.0,0.0,0.0,1120,1120,1090,-3.0610687022900764,1.2748091603053435,18.251908396946565,1540432589.500574
-745.5523986360563,-102.99618347311652,91.6044837633553,-745.3149730407501,-103.2207890237418,91.61945642633447,0.0,0.0,0.0,1120,1120,1090,-3.5572519083969465,10.900763358778626,-3.7557251908396947,1540432589.56695
-744.6697158992723,-101.88241203704285,91.74845127053047,-744.8259640786443,-102.33818856053254,91.90550846501114,0.0,0.0,0.0,1120,1120,1090,11.931297709923664,17.572519083969464,2.3969465648854964,1540432589.636487
-743.7054662316623,-102.03910468280937,91.71253865311333,-743.9745854566511,-101.94164093532814,92.00119702763305,0.0,0.0,0.0,1120,1120,1090,12.412213740458014,-1.4809160305343512,-0.2900763358778626,1540432589.702333
-743.4249973587778,-102.18494646225436,91.56244789146373,-743.3581381974052,-101.87148821685058,91.90220712972284,0.0,0.0,0.0,1120,1120,1090,2.8931297709923665,-1.465648854961832,-2.068702290076336,1540432589.768305
-743.715821245356,-101.25252325267286,92.3120818462004,-743.272030418166,-101.33900680195048,92.24665474988515,0.0,0.0,0.0,1120,1120,1090,-5.793893129770993,14.877862595419847,11.572519083969466,1540432589.834444
-744.5089709004201,-101.38457275578936,92.49799610767344,-743.8216350505975,-101.1756643517331,92.52221336401355,0.0,0.0,0.0,1120,1120,1090,-13.396946564885496,-1.2366412213740459,3.0381679389312977,1540432589.900596
-743.8782449274311,-100.81760981354977,91.95167038133992,-743.8461890220109,-100.81291436733157,92.29740159921708,0.0,0.0,0.0,1120,1120,1090,8.129770992366412,9.320610687022901,-8.022900763358779,1540432589.966832
-743.7311901524575,-101.3648598735335,90.95024709307854,-743.8019968232397,-101.00630373172858,91.49750568689129,0.0,0.0,0.0,1120,1120,1090,0.8320610687022901,-7.511450381679389,-14.916030534351146,1540432590.034068
-743.3581657100018,-100.78778467159495,90.83395464980775,-743.5621774602738,-100.8352817898812,90.93449027355359,0.0,0.0,0.0,1120,1120,1090,4.175572519083969,9.374045801526718,-1.5114503816793894,1540432590.100368
-744.4695104141192,-100.93031865407806,90.61046983330819,-744.1122124155878,-100.86027410282199,90.50340671525778,0.0,0.0,0.0,1120,1120,1090,-18.106870229007633,-1.381679389312977,-3.1374045801526718,1540432590.166392
-744.170940593817,-100.76566699509512,91.3108634299625,-744.264843943811,-100.80623090903765,90.74958811042256,0.0,0.0,0.0,1120,1120,1090,3.1374045801526718,3.2595419847328246,10.84732824427481,1540432590.233511
-744.333456810115,-100.42952755974882,90.44667967065587,-744.4277303604453,-100.58597515048824,90.44561415697059,0.0,0.0,0.0,1120,1120,1090,-3.8091603053435112,5.763358778625954,-12.633587786259541,1540432590.299225
-742.970653292974,-100.19494294745448,90.62696992954973,-743.6518853415744,-100.32502194417629,90.42964883102107,0.0,0.0,0.0,1120,1120,1090,19.015267175572518,4.2748091603053435,2.9236641221374047,1540432590.366299
-742.5799405569799,-100.66347036580234,90.46874795235874,-742.9205295123785,-100.47873041034072,90.37865455317123,0.0,0.0,0.0,1120,1120,1090,4.534351145038168,-6.343511450381679,-2.1755725190839694,1540432590.433512
-742.7013067044561,-101.56784386670144,90.33201721114798,-742.5855273714617,-101.15093934031326,90.30591059887904,0.0,0.0,0.0,1120,1120,1090,-3.1755725190839694,-12.534351145038167,-1.786259541984733,1540432590.50002
-742.8132879829049,-101.45515131116993,91.75929183711013,-742.5199281550254,-101.48303369194545,91.17076418505128,0.0,0.0,0.0,1120,1120,1090,-3.0763358778625953,2.4580152671755724,21.702290076335878,1540432590.566086
-744.1350766656512,-101.59080760915911,91.43625115301592,-743.3642430184734,-101.72255963461416,91.5008192652086,0.0,0.0,0.0,1120,1120,1090,-21.610687022900763,-1.3129770992366412,-4.717557251908397,1540432590.632242
-743.5992497813254,-100.63339066113735,91.04244606227707,-743.5870940129156,-101.22071518273086,91.41242159916268,0.0,0.0,0.0,1120,1120,1090,6.641221374045801,15.114503816793894,-5.679389312977099,1540432590.698149
-743.3540476459485,-100.81612631052641,89.88063613546612,-743.5581420159581,-100.98167802789312,90.59093881175617,0.0,0.0,0.0,1120,1120,1090,2.366412213740458,-2.0381679389312977,-17.580152671755727,1540432590.764989
-742.1798856686107,-100.26016775676484,90.11207370144726,-742.7943411910786,-100.48642763277122,90.21230206631827,0.0,0.0,0.0,1120,1120,1090,16.022900763358777,9.007633587786259,3.6564885496183206,1540432590.831183
-742.7559570663672,-100.2342889607177,90.5216601774877,-742.68024145413,-100.18849021926923,90.26150278094502,0.0,0.0,0.0,1120,1120,1090,-10.083969465648854,1.1526717557251909,6.404580152671755,1540432590.897669
-742.9853557678223,-100.30301700720861,91.21557758096861,-742.7826108745652,-100.09621113058408,90.75740907523627,0.0,0.0,0.0,1120,1120,1090,-4.877862595419847,-0.2824427480916031,10.770992366412214,1540432590.963698
-743.2922121253283,-99.97552380849785,90.85274294417121,-743.0606920035603,-99.893390134671,90.85507939412103,0.0,0.0,0.0,1120,1120,1090,-5.977099236641221,5.656488549618321,-5.198473282442748,1540432591.030156
-742.7887491946886,-100.30898252703692,89.5633944006147,-742.9305720130412,-100.0274991673823,90.11386459348526,0.0,0.0,0.0,1120,1120,1090,6.213740458015267,-4.2748091603053435,-19.251908396946565,1540432591.096512
-741.9462406387931,-100.48590541448462,89.5331354692747,-742.3318066654008,-100.26322118482557,89.64982949662667,0.0,0.0,0.0,1120,1120,1015,11.435114503816793,-1.9312977099236641,-0.2366412213740458,1540432591.172744
-742.9000270879611,-100.55686420245951,90.43677918914743,-742.5699669113691,-100.47208961490576,89.96837345369907,0.0,0.0,0.0,1120,1120,1015,-13.893129770992367,-0.16793893129770993,12.068702290076336,1540432591.24746
-743.0192846621659,-99.95573900005122,89.80901095113958,-742.8194517246951,-100.22835612476426,89.82499024187469,0.0,0.0,0.0,1120,1120,1015,-2.969465648854962,8.717557251908397,-8.083969465648854,1540432591.323168
-742.1107073022469,-100.3814043568071,88.8231234610279,-742.4216742280124,-100.33353606911034,89.16034462827642,0.0,0.0,0.0,1120,1120,1015,10.549618320610687,-4.8320610687022905,-12.732824427480915,1540432591.399332
-743.4382917868729,-100.0573283953222,88.70320472113595,-742.9993524359104,-100.19667147716426,88.72445205166001,0.0,0.0,0.0,1120,1120,1016,-19.251908396946565,5.122137404580153,-1.3893129770992367,1540432591.475649
-742.8885507456705,-99.17060123249068,88.0048492089684,-743.0168054642866,-99.56502514349629,88.09992028773179,0.0,0.0,0.0,1120,1120,1016,5.755725190839694,12.290076335877863,-8.854961832061068,1540432591.551117
-741.9587645844829,-98.84735735838588,87.27813030860574,-742.4337530221695,-98.99970889100804,87.3606652661419,0.0,0.0,0.0,1120,1120,1017,10.908396946564885,5.038167938931298,-9.389312977099237,1540432591.626002
-742.029868342881,-99.24588994894897,88.55408658166907,-742.1167510669592,-98.9548023582264,87.80507006606972,0.0,0.0,0.0,1120,1120,1017,-2.351145038167939,-4.6183206106870225,17.450381679389313,1540432591.701552
-742.1601576042465,-100.02492464241892,87.31074970037973,-742.0311870065665,-99.47423957856873,87.41518195911151,0.0,0.0,0.0,1120,1120,1017,-3.114503816793893,-9.541984732824428,-16.221374045801525,1540432591.776915
-741.8177674916336,-100.71747630447378,87.70925401172596,-741.8070632110366,-100.25797250405338,87.49005319200413,0.0,0.0,0.0,1120,1120,1017,3.099236641221374,-8.320610687022901,5.450381679389313,1540432591.852156
-742.2689923541287,-100.37301683961105,87.3797338578976,-741.9877075449333,-100.5123949993076,87.39235501913787,0.0,0.0,0.0,1120,1120,1017,-7.572519083969466,5.480916030534351,-4.290076335877862,1540432591.928111
-741.3103482874393,-100.41907439216259,87.08902096532783,-741.5443789700597,-100.64278552947438,87.1926825049097,0.0,0.0,0.0,1120,1120,1017,10.977099236641221,0.16793893129770993,-3.5267175572519083,1540432592.002884
-740.5032958689976,-100.84225411305465,86.9038928663815,-740.8089443265196,-100.92176248922026,86.98911628016323,0.0,0.0,0.0,1120,1120,1018,9.335877862595419,-4.862595419847328,-2.236641221374046,1540432592.079259
-741.3838516816152,-100.59053485114335,87.40112294973459,-740.9601599313747,-100.87501047881133,87.20245525711827,0.0,0.0,0.0,1120,1120,1017,-12.931297709923664,4.061068702290076,6.740458015267175,1540432592.154554
-741.7528018648817,-101.61723273400318,86.1418728235507,-741.3494762334615,-101.4183427321892,86.58186456240057,0.0,0.0,0.0,1120,1120,1018,-6.290076335877862,-12.870229007633588,-16.49618320610687,1540432592.230085
-741.3388900518692,-101.9957596183855,86.32665945546306,-741.3698137300679,-101.92550569154933,86.33799159675475,0.0,0.0,0.0,1120,1120,1018,4.091603053435114,-4.251908396946565,2.6717557251908395,1540432592.305657
-742.5378285667499,-101.55475442267365,86.51715638979024,-742.1268883808461,-101.88735577071832,86.3503346603236,0.0,0.0,0.0,1120,1120,1018,-17.229007633587788,6.587786259541985,2.7404580152671754,1540432592.382711
-742.7218682907928,-101.37223851432212,85.90926309032055,-742.6818773939051,-101.67532484110045,86.02650035491901,0.0,0.0,0.0,1120,1120,1018,-3.786259541984733,3.1374045801526718,-7.687022900763359,1540432592.458452
-741.8368878361885,-101.35594445774699,85.1579050696062,-742.4113563413862,-101.4868912370801,85.40595622930095,0.0,0.0,0.0,1120,1120,1019,10.282442748091603,0.9770992366412213,-9.687022900763358,1540432592.533337
-743.1363046726752,-101.45239151952431,85.47441265522109,-742.9732231629453,-101.41205565527034,85.27834253374466,0.0,0.0,0.0,1120,1120,1019,-18.9618320610687,-0.5419847328244275,4.5038167938931295,1540432592.608817
-743.6280464900068,-100.47144411184823,85.87692715840187,-743.5563088267413,-100.76507722041003,85.51788138061073,0.0,0.0,0.0,1120,1120,1019,-7.8320610687022905,13.610687022900763,5.4961832061068705,1540432592.683713
-743.4928709102757,-100.60017738883099,85.46371160336531,-743.7440079585122,-100.47638797234016,85.4615163927312,0.0,0.0,0.0,1120,1120,1019,0.4351145038167939,-0.9770992366412213,-5.358778625954199,1540432592.758879
-743.4242142186195,-99.46902791381478,85.51054109164708,-743.7230049347914,-99.66513077422935,85.48368453014469,0.0,0.0,0.0,1120,1120,1019,-0.48854961832061067,15.633587786259541,0.8396946564885496,1540432592.833841
-743.127313894571,-98.87202561797244,85.73871006692423,-743.4507267653609,-98.8874487306614,85.65540631060139,0.0,0.0,0.0,1120,1120,1019,2.618320610687023,8.82442748091603,3.3053435114503817,1540432592.909182
-742.3639438138393,-98.62529985770095,84.97528141124147,-742.7687205247224,-98.38242047338876,85.29527342130748,0.0,0.0,0.0,1120,1120,1019,8.603053435114504,3.9923664122137406,-9.770992366412214,1540432592.98503
-743.0211321796749,-99.64355207457461,84.73536935239761,-742.7553606812712,-98.83965337946418,84.92988519564234,0.0,0.0,0.0,1120,1120,1020,-10.076335877862595,-12.694656488549619,-2.946564885496183,1540432593.059897
-744.3069445400197,-99.64403033842447,84.47616901337183,-743.5715957877753,-99.23450303736124,84.57016800317528,0.0,0.0,0.0,1120,1120,1020,-18.709923664122137,0.7557251908396947,-3.267175572519084,1540432593.135707
-744.1438689309995,-99.76657609256463,83.12287253282459,-743.9821897037029,-99.60627980717727,83.56022294807984,0.0,0.0,0.0,1120,1120,1021,0.7404580152671756,-0.8396946564885496,-17.46564885496183,1540432593.211276
-743.2268258372069,-99.9589719945741,82.14929365028634,-743.6386705815072,-99.9591865566363,82.41885408563037,0.0,0.0,0.0,1120,1120,1022,10.755725190839694,-1.786259541984733,-12.67175572519084,1540432593.286766
-744.6776308523209,-100.3655388331264,81.91120561195584,-744.2881716887673,-100.39586828524293,81.70400484823749,0.0,0.0,0.0,1120,1120,1023,-20.61832061068702,-4.625954198473282,-2.931297709923664,1540432593.361501
-744.54722898072,-100.02959965020473,81.77451689667814,-744.5759611762576,-100.39940927880447,81.34905347583715,0.0,0.0,0.0,1120,1120,1023,0.366412213740458,5.290076335877862,-1.618320610687023,1540432593.437276
-744.2428956024983,-100.47165484313376,80.626817045773,-744.5101658923402,-100.60505826605193,80.59353300964045,0.0,0.0,0.0,1120,1120,1024,2.633587786259542,-5.083969465648855,-14.954198473282442,1540432593.51401
-743.0869517275873,-100.96310211399447,80.97382478873976,-743.7082068505306,-100.9703299319449,80.50459789205328,0.0,0.0,0.0,1120,1120,1024,13.526717557251908,-5.580152671755725,4.702290076335878,1540432593.589252
-744.4453222380372,-100.8509152010283,80.89986072695724,-744.0384715906913,-101.05784287928445,80.55338187632638,0.0,0.0,0.0,1120,1120,1024,-19.244274809160306,2.236641221374046,-0.7480916030534351,1540432593.665849
-744.2096414851519,-100.27673626339534,81.61958579989323,-744.1110994995626,-100.69126426702235,81.13331648018473,0.0,0.0,0.0,1120,1120,1023,1.717557251908397,8.335877862595419,9.717557251908397,1540432593.741264
-743.1777540480307,-100.22070473743483,81.21049407558625,-743.5237498389706,-100.38959411371498,81.29041388346312,0.0,0.0,0.0,1120,1120,1023,12.267175572519085,1.5038167938931297,-5.190839694656488,1540432593.817227
-743.6095508857444,-100.93916698130569,80.51307939576216,-743.4470765919153,-100.64003179724605,80.95960502285646,0.0,0.0,0.0,1120,1120,1024,-7.106870229007634,-8.748091603053435,-9.007633587786259,1540432593.892664
-743.7760011799247,-100.21736991581729,81.11353361826124,-743.5427609617067,-100.35556401340524,81.11743746117185,0.0,0.0,0.0,1120,1120,1023,-3.595419847328244,10.320610687022901,8.17557251908397,1540432593.967469
-743.3785555301412,-100.0282771624131,80.57073046941241,-743.3909760283922,-100.07302067667624,80.87304368113317,0.0,0.0,0.0,1120,1120,1024,3.954198473282443,3.3053435114503817,-7.076335877862595,1540432594.04332
-742.0459930889583,-98.88270176721639,80.59440507199788,-742.5067267027488,-99.22459441437417,80.72733413099884,0.0,0.0,0.0,1120,1120,1024,16.076335877862597,15.778625954198473,0.5343511450381679,1540432594.119029
-742.2643174725264,-99.72180064776296,79.8578914920814,-742.1506574442901,-99.28051247756466,80.18729010293082,0.0,0.0,0.0,1120,1120,1024,-4.2748091603053435,-10.320610687022901,-9.50381679389313,1540432594.194625
-743.0327713602077,-99.83884641503579,80.93095604163821,-742.4880897129052,-99.46678166671683,80.53640861234034,0.0,0.0,0.0,1120,1120,1024,-11.557251908396946,-0.7862595419847328,14.419847328244275,1540432594.269685
-743.083767324223,-100.1398905287956,79.71656890303395,-742.7949940929643,-99.82201192912592,80.03083330406918,0.0,0.0,0.0,1120,1120,1024,-2.0763358778625953,-3.282442748091603,-16.091603053435115,1540432594.34563
-741.9150679166962,-99.4315305902074,79.79824700914618,-742.2945055870413,-99.62862626156956,79.79321763179513,0.0,0.0,0.0,1120,1120,1025,13.86259541984733,10.007633587786259,1.2900763358778626,1540432594.421013
-741.4674388547693,-99.85598082634208,79.89787244105683,-741.733294738275,-99.77718532608782,79.75081586071612,0.0,0.0,0.0,1120,1120,1025,4.564885496183206,-4.885496183206107,1.549618320610687,1540432594.495856
-741.7831268816799,-100.00808436362775,81.28114166262067,-741.6295406137409,-99.9648721989529,80.61699573916387,0.0,0.0,0.0,1120,1120,1024,-5.603053435114504,-1.2671755725190839,18.6793893129771,1540432594.570396
-741.7468633042793,-100.81931767229025,80.2827005511234,-741.601429139829,-100.56616160164636,80.54269534548479,0.0,0.0,0.0,1120,1120,1024,-0.9083969465648855,-10.038167938931299,-13.068702290076336,1540432594.646549
-741.1458575017126,-100.75400410996791,79.57254621955214,-741.2626624525262,-100.85738284190457,80.03344402203884,0.0,0.0,0.0,1120,1120,1024,6.557251908396947,1.6259541984732824,-9.16793893129771,1540432594.722499
-740.73948679318,-99.74528701886705,79.855895391795,-740.850197042354,-100.3532982712767,79.8872234190575,0.0,0.0,0.0,1120,1120,1025,3.969465648854962,14.068702290076336,3.9618320610687023,1540432594.797278
-740.708765746046,-99.8222191869948,80.72331341268344,-740.6346486454659,-100.04408573197651,80.34610992014167,0.0,0.0,0.0,1120,1120,1024,-0.9770992366412213,-0.2748091603053435,11.916030534351146,1540432594.872815
-740.5539267582018,-99.65225503346333,81.41194328818987,-740.4700527635302,-99.74199296681681,81.0550983964703,0.0,0.0,0.0,1120,1120,1023,0.6335877862595419,2.984732824427481,9.229007633587786,1540432594.948931
-741.3403117024226,-100.33864108993453,79.8045670088434,-740.9108180071851,-99.99628462719183,80.46759189509385,0.0,0.0,0.0,1120,1120,1024,-11.770992366412214,-8.297709923664122,-20.99236641221374,1540432595.023683
-740.0606087213049,-99.99695151938728,80.48469188778311,-740.4301333811685,-99.96408222424431,80.48636290500652,0.0,0.0,0.0,1120,1120,1024,15.595419847328245,5.297709923664122,9.251908396946565,1540432595.09962
-740.7198265160148,-100.62601660482589,80.26109913535451,-740.5602734208773,-100.34152799163594,80.35068025696708,0.0,0.0,0.0,1120,1120,1024,-10.221374045801527,-7.66412213740458,-2.7709923664122136,1540432595.175307
-740.7537854119695,-99.79709605476395,81.71510880513945,-740.6853968776046,-100.0627538564281,81.15793465591683,0.0,0.0,0.0,1120,1120,1023,-1.8396946564885497,11.709923664122137,19.427480916030536,1540432595.250434
-741.3662046881932,-99.18330028060478,81.51148752162494,-741.1451016614373,-99.50770365853042,81.50868042641626,0.0,0.0,0.0,1120,1120,1023,-9.549618320610687,8.938931297709924,-2.4885496183206106,1540432595.326933
-741.1727998427892,-99.91323567423014,80.87847511515292,-741.2912624830112,-99.6363076474783,81.28001209077182,0.0,0.0,0.0,1120,1120,1023,1.1145038167938932,-8.694656488549619,-7.977099236641221,1540432595.40174
-741.6687907870476,-98.51820556395148,81.39706351375331,-741.6468616188657,-98.89249207474124,81.40812985234744,0.0,0.0,0.0,1120,1120,1023,-8.076335877862595,19.564885496183205,7.213740458015267,1540432595.477604
-742.1796895902773,-99.4273492328914,81.12496749219778,-742.1291820746351,-99.03969171085967,81.28607618190595,0.0,0.0,0.0,1120,1120,1023,-8.061068702290076,-11.106870229007633,-3.3282442748091605,1540432595.553677
-741.4268738430796,-99.06798897630702,81.72297171056633,-741.8946614292545,-98.96782486929759,81.55401199591121,0.0,0.0,0.0,1120,1120,1023,8.541984732824428,5.5038167938931295,8.114503816793894,1540432595.629139
-741.2067983270563,-99.1412100132383,80.73047336823566,-741.5510010010822,-99.01084227586152,81.08935732257787,0.0,0.0,0.0,1120,1120,1023,1.5190839694656488,-0.20610687022900764,-12.900763358778626,1540432595.704098
-740.7781180169128,-99.1965268093988,82.28388067562156,-741.0468860106994,-99.10290640565205,81.75018170015007,0.0,0.0,0.0,1120,1120,1023,4.396946564885496,0.015267175572519083,21.198473282442748,1540432595.780165
-741.2180707581991,-98.49075166290983,82.44467395531882,-741.0166247862003,-98.74304281545581,82.24819440073396,0.0,0.0,0.0,1120,1120,1022,-7.106870229007634,9.931297709923664,2.312977099236641,1540432595.858371
-741.8688564979581,-99.06171468285946,82.60958487380687,-741.4297247568561,-98.89000853570663,82.61311685376856,0.0,0.0,0.0,1120,1120,1022,-9.725190839694656,-6.549618320610687,2.33587786259542,1540432595.934205
-742.3891135546364,-99.72715732373157,83.36454176013876,-742.0209342557372,-99.40810742264982,83.23841188443944,0.0,0.0,0.0,1120,1120,1021,-8.259541984732824,-8.022900763358779,10.19083969465649,1540432596.009668
-742.626667860749,-99.8590573474234,82.64840218210095,-742.512242913653,-99.79871257891166,83.10125622317092,0.0,0.0,0.0,1120,1120,1021,-4.564885496183206,-1.0,-9.34351145038168,1540432596.085891
-742.5398884743315,-100.75400284898163,81.3785230709703,-742.7089673626234,-100.5472670904816,82.15575584046086,0.0,0.0,0.0,1120,1120,1022,-0.2595419847328244,-10.908396946564885,-16.33587786259542,1540432596.161012
-740.9190069169748,-100.14426633754387,81.23223862384577,-741.7679241725942,-100.5596213157395,81.45832222762212,0.0,0.0,0.0,1120,1120,1023,20.12213740458015,8.854961832061068,-1.717557251908397,1540432596.236356
-741.1897478869635,-100.81246834747881,80.94390320087543,-741.3254484003871,-100.89010585674893,80.89425209318016,0.0,0.0,0.0,1120,1120,1024,-4.984732824427481,-8.106870229007633,-3.6030534351145036,1540432596.31224
-741.399976682475,-101.72804396636198,82.28996336765482,-741.2095379684826,-101.57556927306388,81.45795461822857,0.0,0.0,0.0,1120,1120,1023,-4.1603053435114505,-11.297709923664122,17.954198473282442,1540432596.387995
-741.7794601833822,-100.54234551674851,82.8793944795925,-741.4176205367246,-101.1750353536978,82.24105295193509,0.0,0.0,0.0,1120,1120,1022,-6.412213740458015,16.450381679389313,8.022900763358779,1540432596.463616
-742.3966014117693,-101.05511969124888,82.0830723553796,-741.9623555725545,-101.16131052265364,82.24862006889654,0.0,0.0,0.0,1120,1120,1022,-9.557251908396946,-6.022900763358779,-10.312977099236642,1540432596.538726
-740.8898702168374,-100.4449328851697,81.22655643364283,-741.3778953328626,-100.73331776080408,81.7070520854797,0.0,0.0,0.0,1120,1120,1023,18.64885496183206,8.877862595419847,-11.16793893129771,1540432596.614209
-741.0243251331794,-101.31339277417746,80.55164931478896,-741.1028215030477,-100.9897080210316,80.95588473122449,0.0,0.0,0.0,1120,1120,1024,-3.1755725190839694,-10.763358778625955,-8.732824427480915,1540432596.68993
-741.391205505422,-101.75674004523889,82.1254787179719,-741.1882198068907,-101.42349556790067,81.49895840746473,0.0,0.0,0.0,1120,1120,1023,-6.229007633587786,-5.083969465648855,20.977099236641223,1540432596.76558
-742.0286683734718,-101.51798064348021,82.77441359305308,-741.6624460620827,-101.52994670172616,82.27217377623337,0.0,0.0,0.0,1120,1120,1022,-9.83206106870229,3.9236641221374047,8.816793893129772,1540432596.840404
-741.4263371812002,-101.76136790352604,81.63310317578377,-741.5892151415741,-101.71842944348295,82.03463035775889,0.0,0.0,0.0,1120,1120,1022,6.748091603053435,-2.5267175572519083,-15.198473282442748,1540432596.916085
-740.5896250559294,-101.15850646207787,81.29641793304106,-741.0173129520941,-101.43536886477318,81.64845797940578,0.0,0.0,0.0,1120,1120,1023,9.618320610687023,8.694656488549619,-4.206106870229007,1540432596.993475
-740.0413032841574,-101.57400437826499,79.93766421413957,-740.3367795246261,-101.49794632605813,80.56785982503116,0.0,0.0,0.0,1120,1120,1024,5.648854961832061,-4.572519083969466,-17.221374045801525,1540432597.068189
-739.8766646746387,-101.5326499185288,80.83401899152219,-739.8649286936349,-101.50701285332296,80.4949639774621,0.0,0.0,0.0,1120,1120,1024,0.8320610687022901,1.3206106870229009,12.32824427480916,1540432597.142829
-740.7513803523237,-101.7839039041803,80.97630617871751,-740.1900625956348,-101.66401294063246,80.61319149175273,0.0,0.0,0.0,1120,1120,1024,-13.106870229007633,-2.6030534351145036,2.1297709923664123,1540432597.218679
-741.1096869730615,-101.58967628844945,80.57204272157664,-740.6789870751269,-101.6357197478754,80.49813800215348,0.0,0.0,0.0,1120,1120,1024,-6.068702290076335,3.2977099236641223,-5.0534351145038165,1540432597.294811
-740.1011427474133,-100.75883010549265,81.11755100136209,-740.385525951578,-101.10027702579325,80.80804016306573,0.0,0.0,0.0,1120,1120,1024,11.870229007633588,11.687022900763358,7.396946564885496,1540432597.36975
-740.2042034681746,-101.80806240823107,79.87027200571178,-740.2749198144996,-101.42807496724056,80.25953673223829,0.0,0.0,0.0,1120,1120,1024,-2.7557251908396947,-13.129770992366412,-16.290076335877863,1540432597.44591
-739.3044832010041,-102.1997901856948,80.30015888053116,-739.6685022845679,-101.890632506885,80.20947541330482,0.0,0.0,0.0,1120,1120,1024,10.633587786259541,-4.473282442748092,5.969465648854962,1540432597.521709
-738.6491286813741,-101.90628610797336,80.93938589066333,-738.9242935435532,-101.9857224498858,80.60691965513102,0.0,0.0,0.0,1120,1120,1024,7.1679389312977095,4.595419847328245,8.572519083969466,1540432597.597292
-739.7464688982371,-102.51956277558956,81.04881876610979,-739.2085945020383,-102.39301103726304,80.93327994836812,0.0,0.0,0.0,1120,1120,1024,-15.908396946564885,-7.351145038167939,1.6717557251908397,1540432597.673196
-739.7272351544366,-102.00978996063249,82.8553588475139,-739.4423989917116,-102.2908570205895,82.22694762679652,0.0,0.0,0.0,1120,1120,1022,-1.1374045801526718,7.488549618320611,24.061068702290076,1540432597.747956
-739.8528835524929,-102.80125813068689,81.52305825646064,-739.6996071635559,-102.67104525072895,82.1345393305664,0.0,0.0,0.0,1120,1120,1022,-3.0839694656488548,-9.900763358778626,-17.72519083969466,1540432597.823908
-739.3879056731732,-103.29807910470883,80.73374585840666,-739.579487488354,-103.16816165919974,81.49023329000151,0.0,0.0,0.0,1120,1120,1023,4.694656488549619,-5.740458015267175,-10.106870229007633,1540432597.8999
-738.2970954995541,-102.80866832107381,80.41081399302976,-738.8306012636067,-103.11272248557098,80.83583878824948,0.0,0.0,0.0,1120,1120,1024,12.954198473282442,7.198473282442748,-4.022900763358779,1540432597.974776
-738.6669250689114,-103.5090637040067,79.50198717799935,-738.6167821334869,-103.44648393376391,79.87488415341595,0.0,0.0,0.0,1120,1120,1025,-6.32824427480916,-8.587786259541986,-11.908396946564885,1540432598.050217
-738.6270319607365,-103.85636606639561,81.41158108555426,-738.5080387461438,-103.80988481314216,80.51647793553042,0.0,0.0,0.0,1120,1120,1024,-0.8625954198473282,-3.8396946564885495,25.52671755725191,1540432598.126304
-738.8684165186663,-102.51335978692873,82.63411242661019,-738.6373274150421,-103.14548924200906,81.72972368485932,0.0,0.0,0.0,1120,1120,1023,-4.564885496183206,18.419847328244273,16.297709923664122,1540432598.201673
-738.5251396294705,-102.56951376188897,81.81129548630673,-738.5420201541505,-102.73343803167253,81.96597255433328,0.0,0.0,0.0,1120,1120,1023,3.2213740458015265,0.007633587786259542,-10.83206106870229,1540432598.276192
-738.1221873162739,-101.01539585357865,81.64459416083129,-738.2598473220008,-101.5376821915794,81.95160614833313,0.0,0.0,0.0,1120,1120,1023,3.984732824427481,21.49618320610687,-2.0,1540432598.352122
-737.9339346466382,-101.85742925577898,79.84832636751008,-737.9984258359485,-101.38828279667098,80.78230554339527,0.0,0.0,0.0,1120,1120,1024,1.0763358778625953,-10.274809160305344,-23.3206106870229,1540432598.427804
-737.7076209086473,-102.38256565492507,80.4792078041932,-737.7360742189504,-101.72707269952039,80.44187203908746,0.0,0.0,0.0,1120,1120,1024,1.5954198473282444,-6.1679389312977095,8.549618320610687,1540432598.50363
-737.3186580717152,-101.25754866400989,81.4256771811858,-737.3807927919266,-101.32852805558286,80.86223568076016,0.0,0.0,0.0,1120,1120,1024,3.7557251908396947,15.648854961832061,12.748091603053435,1540432598.578198
-737.854584796578,-100.76951002637632,81.80021777612829,-737.5453018187148,-100.84912731653284,81.39254450490614,0.0,0.0,0.0,1120,1120,1023,-8.618320610687023,7.343511450381679,5.2748091603053435,1540432598.653835
-736.9059999798802,-99.77628338028337,82.25043953199645,-737.1115381900781,-100.02115407919933,81.99781737152722,0.0,0.0,0.0,1120,1120,1023,11.083969465648854,13.82442748091603,6.145038167938932,1540432598.72966
-736.8548913471272,-100.98026782123719,81.30273212528957,-736.8555474105483,-100.35117642805781,81.75012221039628,0.0,0.0,0.0,1120,1120,1023,-0.7175572519083969,-15.106870229007633,-12.267175572519085,1540432598.8047
-736.7219429371838,-101.07660662027632,79.87111069382324,-736.669496238771,-100.70717307061602,80.67186884609401,0.0,0.0,0.0,1120,1120,1024,0.366412213740458,-0.5114503816793893,-18.702290076335878,1540432598.880649
-735.5565182516269,-100.59007841021517,79.75672528348068,-735.893004989592,-100.67273805407939,79.94326251503475,0.0,0.0,0.0,1120,1120,1025,14.19083969465649,7.267175572519084,-1.3053435114503817,1540432598.956549
-735.9493404013931,-101.26614537013698,78.79074961069506,-735.7267024870611,-101.0825370472853,78.96982442508589,0.0,0.0,0.0,1120,1120,1026,-6.526717557251908,-8.076335877862595,-12.404580152671755,1540432599.032251
-736.3479420702704,-102.10162808016912,79.86329125999787,-735.9541676975083,-101.84017650704591,79.14457651666753,0.0,0.0,0.0,1120,1120,1025,-6.66412213740458,-10.290076335877863,14.412213740458014,1540432599.106968
-737.4414566865861,-101.40872187201958,80.37392028855244,-736.8279391644951,-101.82927666615478,79.68824151568079,0.0,0.0,0.0,1120,1120,1025,-16.114503816793892,10.091603053435115,7.099236641221374,1540432599.183586
-738.9278951941836,-102.04666370333808,80.10777022265042,-738.2859073514664,-102.1410961941713,79.93148622564586,0.0,0.0,0.0,1120,1120,1025,-20.633587786259543,-7.4961832061068705,-3.2213740458015265,1540432599.259394
-738.2527674999777,-101.64989680192261,80.17801347157636,-738.6888825402469,-102.01833887254759,80.14794746644446,0.0,0.0,0.0,1120,1120,1024,7.534351145038168,6.00763358778626,1.1526717557251909,1540432599.334944
-737.7514780825958,-102.03446199819643,79.84102405219048,-738.4926855378955,-102.11577259897514,80.06899339788924,0.0,0.0,0.0,1120,1120,1024,5.244274809160306,-4.32824427480916,-4.236641221374046,1540432599.409806
-737.5119254044021,-103.30857078259295,77.87981820742661,-738.1030789403449,-102.91178768914291,78.79937082180082,0.0,0.0,0.0,1120,1120,1026,1.8091603053435115,-16.259541984732824,-25.977099236641223,1540432599.48473
-737.0419424730055,-102.35011457301684,78.95629991447147,-737.498428180414,-102.75144555928141,78.70438316743996,0.0,0.0,0.0,1120,1120,1026,4.9465648854961835,13.687022900763358,14.740458015267176,1540432599.560714
-737.9086729546642,-103.06029727419175,78.62002140568391,-737.6372964752638,-103.02072321257236,78.50597147792155,0.0,0.0,0.0,1120,1120,1026,-12.67175572519084,-8.48091603053435,-4.152671755725191,1540432599.636288
-738.0283511723856,-102.3812361061762,80.11299172835788,-737.8046067477238,-102.7162010798016,79.36337512164307,0.0,0.0,0.0,1120,1120,1025,-2.9923664122137406,9.84732824427481,20.198473282442748,1540432599.711872
-738.0585525889907,-100.214978881105,81.48006516997813,-737.9298345790324,-101.16172474878734,80.75763925829538,0.0,0.0,0.0,1120,1120,1024,-1.786259541984733,29.099236641221374,18.106870229007633,1540432599.787966
-739.0738498336633,-100.72490586340474,80.72058460725836,-738.6278407225016,-100.55542354831965,81.09111333661747,0.0,0.0,0.0,1120,1120,1023,-14.885496183206106,-6.015267175572519,-9.870229007633588,1540432599.863716
-738.536685556536,-100.59478698831958,80.37986122424904,-738.7011410899289,-100.21381292825089,80.97392005932646,0.0,0.0,0.0,1120,1120,1024,5.641221374045801,2.4656488549618323,-4.236641221374046,1540432599.939527
-738.0351858092229,-100.19974036248462,79.88235125239649,-738.3911973764625,-99.88861441475186,80.49329430996328,0.0,0.0,0.0,1120,1120,1024,5.229007633587786,5.977099236641221,-6.343511450381679,1540432600.015195
-738.3322605972625,-101.33878941168429,77.6969694030786,-738.3533970669482,-100.51359837364681,78.79365610024878,0.0,0.0,0.0,1120,1120,1026,-5.312977099236641,-14.274809160305344,-28.625954198473284,1540432600.0911
-738.21763608132,-101.80353495696869,77.76983205373327,-738.2508697708382,-101.27195989455136,77.8199195702157,0.0,0.0,0.0,1120,1120,1027,0.1297709923664122,-5.404580152671755,1.1908396946564885,1540432600.166668
-737.7623897359599,-100.99772534474229,78.9259653567577,-737.9090675391318,-101.26051898245166,78.05224821412612,0.0,0.0,0.0,1120,1120,1026,4.595419847328245,11.358778625954198,15.427480916030534,1540432600.242126
-738.7284587577955,-102.06150105149676,78.67818208325096,-738.3100965622116,-101.88364073651815,78.17491127450032,0.0,0.0,0.0,1120,1120,1026,-14.229007633587786,-13.374045801526718,-3.068702290076336,1540432600.31673
-738.3134920249645,-100.7071396029212,79.82173271057816,-738.3180458863452,-101.38870114305871,79.04760016885542,0.0,0.0,0.0,1120,1120,1025,4.206106870229007,19.03053435114504,15.648854961832061,1540432600.392444
-738.7762563801942,-101.1877818538432,79.68582441302061,-738.6064710720613,-101.33029220926126,79.54031617656261,0.0,0.0,0.0,1120,1120,1025,-7.534351145038168,-5.6183206106870225,-1.5801526717557253,1540432600.467764
-738.8518999639087,-101.98870137883198,78.33253254426354,-738.8198741002716,-101.76404002130161,78.98937144175105,0.0,0.0,0.0,1120,1120,1026,-2.381679389312977,-9.725190839694656,-17.49618320610687,1540432600.543149
-738.0063698067916,-101.01678814390348,78.26681721301716,-738.4058768193913,-101.40545956931047,78.58339910530884,0.0,0.0,0.0,1120,1120,1026,9.83969465648855,13.67175572519084,-0.648854961832061,1540432600.617977
-738.8437526194413,-101.9773536648125,77.14992402581548,-738.6497147374874,-101.74918661307115,77.6539110727876,0.0,0.0,0.0,1120,1120,1027,-12.65648854961832,-12.16030534351145,-14.801526717557252,1540432600.693911
-739.41092911209,-102.55449465197468,77.52521433308144,-739.1431150465447,-102.29809787180236,77.36025709326128,0.0,0.0,0.0,1120,1120,1027,-8.816793893129772,-6.793893129770993,5.137404580152672,1540432600.769521
-738.8894123320537,-101.90542866933494,78.94248373448094,-739.0994519119105,-102.19618089263496,78.13072217204234,0.0,0.0,0.0,1120,1120,1026,5.5038167938931295,9.34351145038168,18.9618320610687,1540432600.844302
-739.8676560267194,-102.56355676874223,78.93132315308424,-739.6360977059743,-102.48993359588268,78.64802493451538,0.0,0.0,0.0,1120,1120,1026,-14.335877862595419,-7.9465648854961835,0.07633587786259542,1540432600.920015
-739.2124059729238,-102.06701733593175,79.8216664411139,-739.5191908504099,-102.32367064656341,79.5056702990396,0.0,0.0,0.0,1120,1120,1025,7.404580152671755,7.427480916030534,12.17557251908397,1540432600.995944
-738.586726521344,-101.04104699090891,79.95820994962885,-739.0135037948802,-101.55557003490614,80.05958768096706,0.0,0.0,0.0,1120,1120,1024,6.816793893129771,14.221374045801527,2.015267175572519,1540432601.07134
-739.559750065738,-102.25280156713714,78.46713001883508,-739.2828462945695,-101.8325219975649,79.3852375148062,0.0,0.0,0.0,1120,1120,1025,-14.274809160305344,-15.282442748091603,-19.519083969465647,1540432601.147067
-738.9135917197895,-102.06607161745335,78.04164544581849,-739.051440311499,-101.91561899736767,78.62844540272157,0.0,0.0,0.0,1120,1120,1026,7.145038167938932,3.2290076335877864,-5.396946564885496,1540432601.222604
-738.1469623506536,-102.2107433137719,77.34416693706608,-738.4397190489595,-102.06876847234659,77.71986038247145,0.0,0.0,0.0,1120,1120,1027,8.755725190839694,-1.1526717557251909,-9.007633587786259,1540432601.298104
-738.7916203177041,-103.29705748621566,75.67337496730579,-738.4907211883577,-102.83391921302363,76.18483880565894,0.0,0.0,0.0,1120,1120,1028,-9.916030534351146,-13.603053435114504,-21.870229007633586,1540432601.373622
-738.3880183445063,-103.13869145193635,77.00096876129268,-738.3220147534391,-103.180556000226,76.18348593566748,0.0,0.0,0.0,1120,1120,1028,3.9618320610687023,2.8625954198473282,17.83206106870229,1540432601.448817
-739.5287916879358,-102.61041294908682,77.15054890984747,-738.9618626002193,-103.00863500747484,76.43624063989543,0.0,0.0,0.0,1120,1120,1028,-16.740458015267176,7.870229007633588,2.236641221374046,1540432601.524462
-739.7665559273621,-102.23960469805894,77.27565384761175,-739.5206284236351,-102.6187625643644,76.79038369036459,0.0,0.0,0.0,1120,1120,1028,-4.534351145038168,5.66412213740458,1.8778625954198473,1540432601.599572
-738.9076442255455,-100.86733791934839,78.29299596213008,-739.3089744617807,-101.51101882313836,77.70400935952438,0.0,0.0,0.0,1120,1120,1027,9.923664122137405,18.83969465648855,13.625954198473282,1540432601.674947
-739.2345608320304,-101.68460586444509,77.10009833953718,-739.3402067224181,-101.3642583147337,77.53888793240266,0.0,0.0,0.0,1120,1120,1027,-5.732824427480916,-10.091603053435115,-15.618320610687023,1540432601.749776
-738.7743149276156,-102.20865348075061,76.89478063183883,-739.0497125525616,-101.67113358071055,77.27768760171585,0.0,0.0,0.0,1120,1120,1027,4.809160305343512,-6.297709923664122,-2.5419847328244276,1540432601.826219
-737.7146000704907,-101.87950622027964,76.96815791104787,-738.2070280768779,-101.71721584988956,77.14086694036752,0.0,0.0,0.0,1120,1120,1027,12.351145038167939,5.030534351145038,1.1755725190839694,1540432601.902071
-737.5318848570262,-101.94470321674956,76.08340280826121,-737.604562973139,-101.82034332351951,76.50588065996625,0.0,0.0,0.0,1120,1120,1028,1.0229007633587786,-0.09923664122137404,-11.465648854961833,1540432601.976809
-737.7142739348961,-102.58345733089087,73.7899488822676,-737.420299595281,-102.29588392971479,74.7243459492329,0.0,0.0,0.0,1120,1120,1030,-3.8931297709923665,-8.0,-31.236641221374047,1540432602.053828
-737.8340261499217,-101.84249584221206,75.55661181068709,-737.4696217986792,-102.12681241225265,74.80673561904902,0.0,0.0,0.0,1120,1120,1030,-2.9236641221374047,10.244274809160306,22.83206106870229,1540432602.131648
-737.3296021794677,-101.33752552501842,76.86151878156053,-737.2661443498702,-101.69211884492668,75.79590631950839,0.0,0.0,0.0,1120,1120,1029,5.022900763358779,7.183206106870229,16.81679389312977,1540432602.207368
-737.9430518845237,-101.67716414840747,76.45976834817802,-737.5797193957391,-101.63388454730934,76.23265539323572,0.0,0.0,0.0,1120,1120,1028,-9.49618320610687,-3.7251908396946565,-5.083969465648855,1540432602.282208
-738.1778578437298,-102.57703452130002,77.42649188438673,-737.9584322393897,-102.16794512685208,77.09941175435343,0.0,0.0,0.0,1120,1120,1027,-4.4961832061068705,-11.13740458015267,13.007633587786259,1540432602.358536
-738.0300980131501,-101.32680496602853,79.59097094469112,-738.1046936614222,-101.72774154356263,78.91318530315745,0.0,0.0,0.0,1120,1120,1026,0.5648854961832062,17.31297709923664,28.87786259541985,1540432602.433992
-738.9131428549096,-101.42074458465937,79.7972902360572,-738.7155579262804,-101.50800450250256,80.02033208192259,0.0,0.0,0.0,1120,1120,1024,-13.076335877862595,-0.48091603053435117,2.954198473282443,1540432602.510056
-739.0139852219304,-101.13743120650408,79.77445452499036,-739.1062084150817,-101.21530335169064,80.47316298103013,0.0,0.0,0.0,1120,1120,1024,-2.717557251908397,4.488549618320611,-0.07633587786259542,1540432602.585977
-738.1701740997006,-99.64875247800545,80.99803669746233,-738.7529699530171,-100.1517295929297,81.27566959454367,0.0,0.0,0.0,1120,1120,1023,9.725190839694656,20.374045801526716,16.34351145038168,1540432602.661558
-738.6458844173168,-100.47132203454716,80.36298359710428,-738.763181273284,-100.0716989207856,81.1605597758727,0.0,0.0,0.0,1120,1120,1023,-7.694656488549619,-10.13740458015267,-8.19083969465649,1540432602.737168
-738.6526669858217,-101.20465710464315,78.49142424290953,-738.73570445499,-100.56872329524286,79.75139387021665,0.0,0.0,0.0,1120,1120,1025,-1.4809160305343512,-8.938931297709924,-24.53435114503817,1540432602.812401
-737.3338700426685,-100.4708966115682,78.41028041261416,-737.8830886710335,-100.48650366685736,78.74760888650071,0.0,0.0,0.0,1120,1120,1026,16.14503816793893,10.51908396946565,-0.8549618320610687,1540432602.888153
-736.8262026585775,-101.30799038430402,77.14879933717498,-737.0585874553042,-100.98027557798919,77.38697945122898,0.0,0.0,0.0,1120,1120,1027,5.297709923664122,-10.267175572519085,-16.396946564885496,1540432602.963152
-736.2208850113443,-101.30452152164709,78.64013930375796,-736.2503908061558,-101.28699049315303,77.58942895588382,0.0,0.0,0.0,1120,1120,1027,6.809160305343512,0.8091603053435115,20.427480916030536,1540432603.039228
-736.144192917529,-100.99294130792372,80.4564595654426,-735.8224332448349,-101.25521001034447,78.98475412626831,0.0,0.0,0.0,1120,1120,1026,-0.3969465648854962,4.801526717557252,23.770992366412212,1540432603.114736
-736.9998413621619,-101.33309136587489,80.98911032735532,-736.2223018913623,-101.40623986919776,80.24957952493669,0.0,0.0,0.0,1120,1120,1024,-12.717557251908397,-3.7404580152671754,7.2748091603053435,1540432603.190225
-737.7306865873113,-101.45088370116177,82.13653142856586,-737.0281452441699,-101.53438131131526,81.70298238955999,0.0,0.0,0.0,1120,1120,1023,-11.045801526717558,-0.7938931297709924,15.381679389312977,1540432603.266145
-737.4711104842165,-99.8461801967138,84.29924833150271,-737.4071366762302,-100.58806525564745,83.80247818106012,0.0,0.0,0.0,1120,1120,1021,2.0763358778625953,22.198473282442748,29.114503816793892,1540432603.341758
-738.2336243653104,-99.78258301598649,84.3083684602207,-738.0921266336321,-99.96154070026162,84.87549784947848,0.0,0.0,0.0,1120,1120,1020,-11.381679389312977,1.5954198473282444,0.3435114503816794,1540432603.417423
-738.160760143513,-100.05433546392574,83.73447101140559,-738.4104959309243,-99.79513681343902,84.89098574498055,0.0,0.0,0.0,1120,1120,1020,-0.42748091603053434,-2.83206106870229,-7.366412213740458,1540432603.492371
-737.556603397696,-99.94365221794128,82.88581464754576,-738.1469878804041,-99.69796003266964,84.10926197700783,0.0,0.0,0.0,1120,1120,1020,6.740458015267175,2.2519083969465647,-11.198473282442748,1540432603.567867
-738.1110725102214,-101.35909817410348,80.6741278639748,-738.2479537485933,-100.57658999874732,82.08997234871325,0.0,0.0,0.0,1120,1120,1022,-8.687022900763358,-17.862595419847327,-28.87786259541985,1540432603.64391
-738.0893958614279,-102.3897031204625,78.5211629035753,-738.2415410583039,-101.77933498064847,79.49275533168586,0.0,0.0,0.0,1120,1120,1025,-1.1068702290076335,-12.755725190839694,-28.015267175572518,1540432603.719117
-737.5114854576241,-102.07907691887213,79.60300257029014,-737.8387975096587,-102.277987773538,78.71073399407237,0.0,0.0,0.0,1120,1120,1026,6.351145038167939,4.923664122137405,14.717557251908397,1540432603.792996
-738.3002966268856,-103.05532829440598,79.8813596944087,-738.0579754206575,-103.07891293430562,78.66093927388302,0.0,0.0,0.0,1120,1120,1026,-12.091603053435115,-12.48091603053435,4.0,1540432603.869597
-738.2216132554812,-103.46327979563661,80.8413273625523,-738.1430192605345,-103.69019667000774,79.47081122647373,0.0,0.0,0.0,1120,1120,1025,-0.37404580152671757,-4.511450381679389,12.633587786259541,1540432603.944614
-738.560915239469,-101.86143698378464,81.91819304051396,-738.3966133015961,-102.928687518286,80.8071637886761,0.0,0.0,0.0,1120,1120,1024,-5.977099236641221,22.412213740458014,14.778625954198473,1540432604.020442
-739.650685026455,-102.58814842679091,81.70535416788147,-739.2079382043893,-102.78937009758329,81.55823938862314,0.0,0.0,0.0,1120,1120,1023,-15.709923664122137,-8.786259541984732,-2.572519083969466,1540432604.095609
-739.4805750896468,-101.8503687702077,82.25184727124396,-739.5584389090385,-102.1965485491583,82.3159727051641,0.0,0.0,0.0,1120,1120,1022,0.8320610687022901,10.404580152671755,7.366412213740458,1540432604.170856
-738.9845153292157,-101.32756921285971,82.63299475447866,-739.3948837183984,-101.50271435937836,82.91750348325088,0.0,0.0,0.0,1120,1120,1022,5.251908396946565,7.763358778625954,5.32824427480916,1540432604.246951
-740.0227087198447,-102.02995073561887,81.1872442541745,-739.8658907544133,-101.55454914849214,82.26359060370066,0.0,0.0,0.0,1120,1120,1022,-15.053435114503817,-8.48091603053435,-18.801526717557252,1540432604.322224
-739.6997117109552,-102.19878315425282,80.14526007781116,-739.8985216979474,-101.7599591269698,81.10674727869718,0.0,0.0,0.0,1120,1120,1023,2.885496183206107,-1.4732824427480915,-13.572519083969466,1540432604.398311
-738.3971939006836,-101.75884085471905,79.06490207234219,-739.0584561256862,-101.66880459104061,79.70149493966412,0.0,0.0,0.0,1120,1120,1025,15.969465648854962,6.625954198473282,-14.17557251908397,1540432604.473704
-738.3412838231317,-103.20985778901407,77.23019401997556,-738.4895724479446,-102.54217924974206,77.77947019091755,0.0,0.0,0.0,1120,1120,1027,-0.6564885496183206,-18.30534351145038,-23.885496183206108,1540432604.548902
-737.9612236537336,-103.46702467097143,77.8268528205271,-737.946349912969,-103.24164101086588,77.13909173381894,0.0,0.0,0.0,1120,1120,1027,3.717557251908397,-2.6946564885496183,8.244274809160306,1540432604.623617
-738.6083787592922,-102.20482382754068,78.99930831534738,-738.0859198633221,-102.84342655902697,77.70140843228316,0.0,0.0,0.0,1120,1120,1027,-10.061068702290076,17.671755725190838,15.931297709923664,1540432604.69876
-738.889349171154,-102.08171170794733,79.48774936052693,-738.4244738493413,-102.46374713177256,78.54215728495318,0.0,0.0,0.0,1120,1120,1026,-5.122137404580153,2.3969465648854964,6.709923664122138,1540432604.775072
-738.9113101444943,-101.19978380351077,81.26227402449194,-738.6951089868318,-101.66614974988802,80.25010010450049,0.0,0.0,0.0,1120,1120,1024,-1.6793893129770991,12.335877862595419,23.51145038167939,1540432604.850007
-738.5435428279904,-99.32949518324747,82.56022062194346,-738.6509430946385,-100.05008411474213,82.07964859469209,0.0,0.0,0.0,1120,1120,1022,3.5114503816793894,25.69465648854962,17.52671755725191,1540432604.925564
-739.6207496507947,-99.58197189954944,81.91197506662235,-739.284462149733,-99.31299795468227,82.6567708677252,0.0,0.0,0.0,1120,1120,1022,-15.488549618320612,-2.5419847328244276,-8.259541984732824,1540432605.001445
-739.1543642467403,-99.17290658154903,81.95920878233137,-739.3642467022436,-98.77495333946399,82.82259579259845,0.0,0.0,0.0,1120,1120,1022,4.763358778625954,6.1603053435114505,0.8473282442748091,1540432605.07758
-738.2387048552312,-98.01327645451707,82.20591592416298,-738.8037438068326,-97.91000276542123,82.86868927224266,0.0,0.0,0.0,1120,1120,1022,10.725190839694656,16.106870229007633,3.4885496183206106,1540432605.153521
-738.8269734743036,-98.46056340997698,80.92485275885905,-738.7951526720766,-97.83789642405515,81.93973344232242,0.0,0.0,0.0,1120,1120,1023,-9.16030534351145,-5.145038167938932,-16.69465648854962,1540432605.228642
-738.4025378621594,-99.07004068300857,80.73423654755261,-738.530022146604,-98.34093036269499,81.15240895192849,0.0,0.0,0.0,1120,1120,1023,4.2748091603053435,-7.374045801526718,-2.3206106870229006,1540432605.305295
-737.149425453694,-98.0743188545469,80.52461217114157,-737.60891406025,-98.15222213420253,80.53249243802907,0.0,0.0,0.0,1120,1120,1024,14.778625954198473,13.610687022900763,-2.480916030534351,1540432605.380426
-736.6869183486473,-98.86906466412351,78.7836734054062,-736.8079854296562,-98.58790760486151,79.13968218852102,0.0,0.0,0.0,1120,1120,1025,4.778625954198473,-9.83969465648855,-23.0,1540432605.456331
-737.5718851273406,-100.56815291988691,78.62192125080351,-736.9587319117661,-99.92788033241752,78.30858887644553,0.0,0.0,0.0,1120,1120,1026,-13.183206106870228,-21.87786259541985,-1.9312977099236641,1540432605.531815
-736.8611594894778,-100.26344413765672,80.61216416087643,-736.7199033730823,-100.51650044661619,79.2040217628008,0.0,0.0,0.0,1120,1120,1025,7.977099236641221,4.778625954198473,26.458015267175572,1540432605.607309
-737.3923880851933,-100.09744505373244,81.39799824864384,-736.9832934930773,-100.65948719833688,80.38944555170833,0.0,0.0,0.0,1120,1120,1024,-8.381679389312977,2.946564885496183,10.564885496183207,1540432605.682548
-737.7550050865691,-100.8825662892201,81.7175087464398,-737.4298513685702,-101.10182772014039,81.3623172453101,0.0,0.0,0.0,1120,1120,1023,-6.213740458015267,-9.679389312977099,4.473282442748092,1540432605.758347
-737.5713945488668,-99.23762912185978,83.76034452237326,-737.610676168901,-100.2400988989054,83.16888838969626,0.0,0.0,0.0,1120,1120,1021,1.0305343511450382,22.458015267175572,27.16793893129771,1540432605.833873
-738.1496711797669,-97.98737195461565,84.66982878397904,-738.062557101253,-98.85786031963396,84.6974343522374,0.0,0.0,0.0,1120,1120,1020,-9.053435114503817,17.328244274809162,12.274809160305344,1540432605.909635
-738.7749656978841,-98.27052015861945,84.62280743891978,-738.685177012491,-98.19566893694567,85.37352727447053,0.0,0.0,0.0,1120,1120,1019,-9.648854961832061,-2.9770992366412212,-0.3969465648854962,1540432605.985291
-738.3458290241907,-97.07132689390598,85.54477165466339,-738.7323783197273,-97.14391119860178,86.08685911269559,0.0,0.0,0.0,1120,1120,1018,4.2748091603053435,16.595419847328245,12.396946564885496,1540432606.06021
-738.7760753361314,-97.9053938211034,84.4595505578571,-738.9412330903016,-97.14883740697294,85.60080901810785,0.0,0.0,0.0,1120,1120,1019,-7.190839694656488,-10.48091603053435,-14.404580152671755,1540432606.13572
-739.1539600026532,-99.38077445922296,82.74310299063694,-739.2258534327751,-98.211346782182,84.042376032774,0.0,0.0,0.0,1120,1120,1020,-6.351145038167939,-18.603053435114504,-22.30534351145038,1540432606.211199
-737.8933787876889,-98.80466480983556,82.05790688138636,-738.5525268394135,-98.59878679156742,82.58291922037084,0.0,0.0,0.0,1120,1120,1022,15.297709923664122,8.389312977099237,-8.84732824427481,1540432606.286762
-737.3976866868384,-100.47446419094396,80.80673076064852,-737.7903238635749,-99.8749244092174,80.97661804554276,0.0,0.0,0.0,1120,1120,1024,5.175572519083969,-21.358778625954198,-16.35114503816794,1540432606.362284
-738.3156640594992,-102.31289463900264,79.05365864623336,-737.9047839765439,-101.73401658435739,79.08438536644758,0.0,0.0,0.0,1120,1120,1025,-13.664122137404581,-23.81679389312977,-23.213740458015266,1540432606.437766
-737.3820740912856,-102.27184362209071,80.4513231111973,-737.4484863705968,-102.69456762305425,79.04993767927037,0.0,0.0,0.0,1120,1120,1025,10.961832061068701,1.3053435114503817,18.717557251908396,1540432606.513583
-737.5815387229047,-101.33656394896013,81.29552654665682,-737.3433556373282,-102.48050364469742,79.84049484073402,0.0,0.0,0.0,1120,1120,1025,-4.00763358778626,13.030534351145038,11.297709923664122,1540432606.588819
-738.2604722466751,-102.44004328763505,80.6294991640569,-737.7597571839995,-102.81239308358795,80.12583382917036,0.0,0.0,0.0,1120,1120,1024,-10.389312977099237,-13.86259541984733,-8.603053435114504,1540432606.664686
-737.617016616446,-101.4530385456739,82.99870253168908,-737.6625676806647,-102.2424867564975,81.87172388216595,0.0,0.0,0.0,1120,1120,1023,7.114503816793893,13.80916030534351,31.541984732824428,1540432606.74049
-737.1343142353389,-99.56726104933766,84.855258742214,-737.3253986542339,-100.61846808052954,84.09349041038625,0.0,0.0,0.0,1120,1120,1020,4.977099236641221,25.641221374045802,24.717557251908396,1540432606.816387
-738.2564499278416,-99.8562861548334,84.71252806152208,-737.832648255903,-99.79202043814527,85.22633572346265,0.0,0.0,0.0,1120,1120,1019,-16.17557251908397,-3.045801526717557,-1.6564885496183206,1540432606.89421
